problem_id,task_id,model_name,model_id,provider,num_prompt_types,num_valid_prompt_vectors,num_prompt_pairs,avg_prompt_distance,pssi,success_rate
humaneval_000,HumanEval/0,claude_model,claude-sonnet-4-6,anthropic,5,5,10,0.6277073407710537,0.6277073407710537,1.0
humaneval_000,HumanEval/0,deepseek_model,deepseek-chat,deepseek,5,5,10,0.3486294638345927,0.3486294638345927,1.0
humaneval_000,HumanEval/0,gpt5_model,gpt-5-mini,openai,5,5,10,0.7591414525336252,0.7591414525336252,1.0
humaneval_001,HumanEval/1,claude_model,claude-sonnet-4-6,anthropic,5,5,10,0.7709391566594959,0.7709391566594959,1.0
humaneval_001,HumanEval/1,deepseek_model,deepseek-chat,deepseek,5,5,10,0.7602179482680296,0.7602179482680296,1.0
humaneval_001,HumanEval/1,gpt5_model,gpt-5-mini,openai,5,5,10,0.5361090899093077,0.5361090899093077,1.0
humaneval_002,HumanEval/2,claude_model,claude-sonnet-4-6,anthropic,5,5,10,0.7679189705767737,0.7679189705767737,1.0
humaneval_002,HumanEval/2,deepseek_model,deepseek-chat,deepseek,5,5,10,0.4042050914871809,0.4042050914871809,1.0
humaneval_002,HumanEval/2,gpt5_model,gpt-5-mini,openai,5,5,10,0.7334515288717227,0.7334515288717227,1.0
humaneval_003,HumanEval/3,claude_model,claude-sonnet-4-6,anthropic,5,5,10,0.06991387372280329,0.06991387372280329,1.0
humaneval_003,HumanEval/3,deepseek_model,deepseek-chat,deepseek,5,5,10,0.0,0.0,1.0
humaneval_003,HumanEval/3,gpt5_model,gpt-5-mini,openai,5,5,10,1.120643076291184,1.120643076291184,1.0
humaneval_004,HumanEval/4,claude_model,claude-sonnet-4-6,anthropic,5,5,10,0.930654216938899,0.930654216938899,1.0
humaneval_004,HumanEval/4,deepseek_model,deepseek-chat,deepseek,5,5,10,1.2944269528691197,1.2944269528691197,1.0
humaneval_004,HumanEval/4,gpt5_model,gpt-5-mini,openai,5,5,10,1.6281243225271063,1.6281243225271063,1.0
humaneval_005,HumanEval/5,claude_model,claude-sonnet-4-6,anthropic,5,5,10,0.03360142102068352,0.03360142102068352,1.0
humaneval_005,HumanEval/5,deepseek_model,deepseek-chat,deepseek,5,5,10,0.4679331782320009,0.4679331782320009,1.0
humaneval_005,HumanEval/5,gpt5_model,gpt-5-mini,openai,5,5,10,0.8573595708341843,0.8573595708341843,1.0
humaneval_006,HumanEval/6,claude_model,claude-sonnet-4-6,anthropic,5,5,10,1.7530099567167698,1.7530099567167698,1.0
humaneval_006,HumanEval/6,deepseek_model,deepseek-chat,deepseek,5,5,10,0.016438075086974445,0.016438075086974445,1.0
humaneval_006,HumanEval/6,gpt5_model,gpt-5-mini,openai,5,5,10,0.379974546517529,0.379974546517529,1.0
humaneval_007,HumanEval/7,claude_model,claude-sonnet-4-6,anthropic,5,5,10,0.7000614304464684,0.7000614304464684,1.0
humaneval_007,HumanEval/7,deepseek_model,deepseek-chat,deepseek,5,5,10,0.7744569693870607,0.7744569693870607,1.0
humaneval_007,HumanEval/7,gpt5_model,gpt-5-mini,openai,5,5,10,1.2292017213395199,1.2292017213395199,1.0
humaneval_008,HumanEval/8,claude_model,claude-sonnet-4-6,anthropic,5,5,10,0.64934063191737,0.64934063191737,1.0
humaneval_008,HumanEval/8,deepseek_model,deepseek-chat,deepseek,5,5,10,0.6030648751434715,0.6030648751434715,1.0
humaneval_008,HumanEval/8,gpt5_model,gpt-5-mini,openai,5,5,10,0.7155183255251436,0.7155183255251436,1.0
humaneval_009,HumanEval/9,claude_model,claude-sonnet-4-6,anthropic,5,5,10,0.6503207074303884,0.6503207074303884,1.0
humaneval_009,HumanEval/9,deepseek_model,deepseek-chat,deepseek,5,5,10,0.02279921746527146,0.02279921746527146,1.0
humaneval_009,HumanEval/9,gpt5_model,gpt-5-mini,openai,5,5,10,0.5382275670293369,0.5382275670293369,1.0
humaneval_010,HumanEval/10,claude_model,claude-sonnet-4-6,anthropic,5,5,10,0.2994012159346294,0.2994012159346294,1.0
humaneval_010,HumanEval/10,deepseek_model,deepseek-chat,deepseek,5,5,10,0.4191701134049658,0.4191701134049658,0.92
humaneval_010,HumanEval/10,gpt5_model,gpt-5-mini,openai,5,5,10,0.5894887318716419,0.5894887318716419,1.0
humaneval_011,HumanEval/11,claude_model,claude-sonnet-4-6,anthropic,5,5,10,0.5588046620478739,0.5588046620478739,1.0
humaneval_011,HumanEval/11,deepseek_model,deepseek-chat,deepseek,5,5,10,0.4799541295610755,0.4799541295610755,1.0
humaneval_011,HumanEval/11,gpt5_model,gpt-5-mini,openai,5,5,10,1.5767984484442539,1.5767984484442539,1.0
humaneval_012,HumanEval/12,claude_model,claude-sonnet-4-6,anthropic,5,5,10,1.5999828344450386,1.5999828344450386,1.0
humaneval_012,HumanEval/12,deepseek_model,deepseek-chat,deepseek,5,5,10,0.5566891962167262,0.5566891962167262,1.0
humaneval_012,HumanEval/12,gpt5_model,gpt-5-mini,openai,5,5,10,0.6700122201588143,0.6700122201588143,1.0
humaneval_013,HumanEval/13,claude_model,claude-sonnet-4-6,anthropic,5,5,10,0.777168180284509,0.777168180284509,1.0
humaneval_013,HumanEval/13,deepseek_model,deepseek-chat,deepseek,5,5,10,0.35701911598192054,0.35701911598192054,1.0
humaneval_013,HumanEval/13,gpt5_model,gpt-5-mini,openai,5,5,10,1.0548477354639059,1.0548477354639059,1.0
humaneval_014,HumanEval/14,claude_model,claude-sonnet-4-6,anthropic,5,5,10,0.7075538092524714,0.7075538092524714,1.0
humaneval_014,HumanEval/14,deepseek_model,deepseek-chat,deepseek,5,5,10,0.7062320561821694,0.7062320561821694,1.0
humaneval_014,HumanEval/14,gpt5_model,gpt-5-mini,openai,5,5,10,0.9420611328422355,0.9420611328422355,1.0
humaneval_015,HumanEval/15,claude_model,claude-sonnet-4-6,anthropic,5,5,10,1.0053261538346827,1.0053261538346827,1.0
humaneval_015,HumanEval/15,deepseek_model,deepseek-chat,deepseek,5,5,10,0.03201952006017568,0.03201952006017568,1.0
humaneval_015,HumanEval/15,gpt5_model,gpt-5-mini,openai,5,5,10,0.8158099434822981,0.8158099434822981,1.0
humaneval_016,HumanEval/16,claude_model,claude-sonnet-4-6,anthropic,5,5,10,0.8710346094102436,0.8710346094102436,1.0
humaneval_016,HumanEval/16,deepseek_model,deepseek-chat,deepseek,5,5,10,0.07621632366263616,0.07621632366263616,1.0
humaneval_016,HumanEval/16,gpt5_model,gpt-5-mini,openai,5,5,10,0.9961449270269134,0.9961449270269134,1.0
humaneval_017,HumanEval/17,claude_model,claude-sonnet-4-6,anthropic,5,5,10,0.870839108917132,0.870839108917132,1.0
humaneval_017,HumanEval/17,deepseek_model,deepseek-chat,deepseek,5,5,10,1.8222787845298611,1.8222787845298611,1.0
humaneval_017,HumanEval/17,gpt5_model,gpt-5-mini,openai,5,5,10,0.9651926785357577,0.9651926785357577,0.96
humaneval_018,HumanEval/18,claude_model,claude-sonnet-4-6,anthropic,5,5,10,1.0119798279634755,1.0119798279634755,1.0
humaneval_018,HumanEval/18,deepseek_model,deepseek-chat,deepseek,5,5,10,0.45889129329711276,0.45889129329711276,1.0
humaneval_018,HumanEval/18,gpt5_model,gpt-5-mini,openai,5,5,10,1.5265719431746503,1.5265719431746503,1.0
humaneval_019,HumanEval/19,claude_model,claude-sonnet-4-6,anthropic,5,5,10,1.0365735838877512,1.0365735838877512,1.0
humaneval_019,HumanEval/19,deepseek_model,deepseek-chat,deepseek,5,5,10,0.025282466587906206,0.025282466587906206,1.0
humaneval_019,HumanEval/19,gpt5_model,gpt-5-mini,openai,5,5,10,0.817639872762579,0.817639872762579,1.0
humaneval_020,HumanEval/20,claude_model,claude-sonnet-4-6,anthropic,5,5,10,0.6837539218925297,0.6837539218925297,1.0
humaneval_020,HumanEval/20,deepseek_model,deepseek-chat,deepseek,5,5,10,0.29881508455124683,0.29881508455124683,1.0
humaneval_020,HumanEval/20,gpt5_model,gpt-5-mini,openai,5,5,10,0.6792188606887503,0.6792188606887503,1.0
humaneval_021,HumanEval/21,claude_model,claude-sonnet-4-6,anthropic,5,5,10,0.05540146959305479,0.05540146959305479,1.0
humaneval_021,HumanEval/21,deepseek_model,deepseek-chat,deepseek,5,5,10,0.03714951866973817,0.03714951866973817,1.0
humaneval_021,HumanEval/21,gpt5_model,gpt-5-mini,openai,5,5,10,1.3920216274467532,1.3920216274467532,1.0
humaneval_022,HumanEval/22,claude_model,claude-sonnet-4-6,anthropic,5,5,10,0.7443169061576996,0.7443169061576996,1.0
humaneval_022,HumanEval/22,deepseek_model,deepseek-chat,deepseek,5,5,10,0.6092284113448698,0.6092284113448698,1.0
humaneval_022,HumanEval/22,gpt5_model,gpt-5-mini,openai,5,5,10,0.8188374413085471,0.8188374413085471,1.0
humaneval_023,HumanEval/23,claude_model,claude-sonnet-4-6,anthropic,5,5,10,0.5941569433949893,0.5941569433949893,1.0
humaneval_023,HumanEval/23,deepseek_model,deepseek-chat,deepseek,5,5,10,0.5941569433949893,0.5941569433949893,1.0
humaneval_023,HumanEval/23,gpt5_model,gpt-5-mini,openai,5,5,10,0.7742373515032749,0.7742373515032749,1.0
humaneval_024,HumanEval/24,claude_model,claude-sonnet-4-6,anthropic,5,5,10,0.546344738493571,0.546344738493571,1.0
humaneval_024,HumanEval/24,deepseek_model,deepseek-chat,deepseek,5,5,10,0.32359051319393467,0.32359051319393467,1.0
humaneval_024,HumanEval/24,gpt5_model,gpt-5-mini,openai,5,5,10,0.7719527784654167,0.7719527784654167,0.88
humaneval_025,HumanEval/25,claude_model,claude-sonnet-4-6,anthropic,5,5,10,0.0483849283185757,0.0483849283185757,1.0
humaneval_025,HumanEval/25,deepseek_model,deepseek-chat,deepseek,5,5,10,0.1340907783514706,0.1340907783514706,1.0
humaneval_025,HumanEval/25,gpt5_model,gpt-5-mini,openai,5,5,10,0.6351558426849576,0.6351558426849576,1.0
humaneval_026,HumanEval/26,claude_model,claude-sonnet-4-6,anthropic,5,5,10,0.9965210773327305,0.9965210773327305,1.0
humaneval_026,HumanEval/26,deepseek_model,deepseek-chat,deepseek,5,5,10,1.1997152735225731,1.1997152735225731,1.0
humaneval_026,HumanEval/26,gpt5_model,gpt-5-mini,openai,5,5,10,1.1542653213064744,1.1542653213064744,1.0
humaneval_027,HumanEval/27,claude_model,claude-sonnet-4-6,anthropic,5,5,10,1.667927290501925,1.667927290501925,1.0
humaneval_027,HumanEval/27,deepseek_model,deepseek-chat,deepseek,5,5,10,1.9236985744164357,1.9236985744164357,1.0
humaneval_027,HumanEval/27,gpt5_model,gpt-5-mini,openai,5,5,10,2.1895077900523696,2.1895077900523696,0.96
humaneval_028,HumanEval/28,claude_model,claude-sonnet-4-6,anthropic,5,5,10,0.6364981886635558,0.6364981886635558,1.0
humaneval_028,HumanEval/28,deepseek_model,deepseek-chat,deepseek,5,5,10,0.5465080158455253,0.5465080158455253,1.0
humaneval_028,HumanEval/28,gpt5_model,gpt-5-mini,openai,5,5,10,1.172259871480509,1.172259871480509,1.0
humaneval_029,HumanEval/29,claude_model,claude-sonnet-4-6,anthropic,5,5,10,0.6489025692595589,0.6489025692595589,1.0
humaneval_029,HumanEval/29,deepseek_model,deepseek-chat,deepseek,5,5,10,0.6079622108394466,0.6079622108394466,1.0
humaneval_029,HumanEval/29,gpt5_model,gpt-5-mini,openai,5,5,10,1.2178107049113183,1.2178107049113183,1.0
humaneval_030,HumanEval/30,claude_model,claude-sonnet-4-6,anthropic,5,5,10,0.8759882165690408,0.8759882165690408,1.0
humaneval_030,HumanEval/30,deepseek_model,deepseek-chat,deepseek,5,5,10,0.7641997395195939,0.7641997395195939,1.0
humaneval_030,HumanEval/30,gpt5_model,gpt-5-mini,openai,5,5,10,1.966009365647458,1.966009365647458,1.0
humaneval_031,HumanEval/31,claude_model,claude-sonnet-4-6,anthropic,5,5,10,0.9741363264108136,0.9741363264108136,1.0
humaneval_031,HumanEval/31,deepseek_model,deepseek-chat,deepseek,5,5,10,0.020710046143752603,0.020710046143752603,1.0
humaneval_031,HumanEval/31,gpt5_model,gpt-5-mini,openai,5,5,10,0.867716652285648,0.867716652285648,1.0
humaneval_032,HumanEval/32,claude_model,claude-sonnet-4-6,anthropic,5,5,10,0.47239694214379746,0.47239694214379746,0.36
humaneval_032,HumanEval/32,deepseek_model,deepseek-chat,deepseek,5,5,10,1.4519082294341596,1.4519082294341596,0.8
humaneval_032,HumanEval/32,gpt5_model,gpt-5-mini,openai,5,5,10,3.444392918789709,3.444392918789709,0.84
humaneval_033,HumanEval/33,claude_model,claude-sonnet-4-6,anthropic,5,5,10,0.24628576347500664,0.24628576347500664,1.0
humaneval_033,HumanEval/33,deepseek_model,deepseek-chat,deepseek,5,5,10,0.16103612655702043,0.16103612655702043,1.0
humaneval_033,HumanEval/33,gpt5_model,gpt-5-mini,openai,5,5,10,0.3333652985215861,0.3333652985215861,1.0
humaneval_034,HumanEval/34,claude_model,claude-sonnet-4-6,anthropic,5,5,10,1.0292022339774691,1.0292022339774691,1.0
humaneval_034,HumanEval/34,deepseek_model,deepseek-chat,deepseek,5,5,10,0.6175924536112124,0.6175924536112124,1.0
humaneval_034,HumanEval/34,gpt5_model,gpt-5-mini,openai,5,5,10,1.3097511511155888,1.3097511511155888,1.0
humaneval_035,HumanEval/35,claude_model,claude-sonnet-4-6,anthropic,5,5,10,1.1614264702371975,1.1614264702371975,1.0
humaneval_035,HumanEval/35,deepseek_model,deepseek-chat,deepseek,5,5,10,1.0215276126703268,1.0215276126703268,1.0
humaneval_035,HumanEval/35,gpt5_model,gpt-5-mini,openai,5,5,10,0.7423566085984541,0.7423566085984541,1.0
humaneval_036,HumanEval/36,claude_model,claude-sonnet-4-6,anthropic,5,5,10,0.05389363290013247,0.05389363290013247,1.0
humaneval_036,HumanEval/36,deepseek_model,deepseek-chat,deepseek,5,5,10,0.2630868204023914,0.2630868204023914,1.0
humaneval_036,HumanEval/36,gpt5_model,gpt-5-mini,openai,5,5,10,1.849371649516387,1.849371649516387,1.0
humaneval_037,HumanEval/37,claude_model,claude-sonnet-4-6,anthropic,5,5,10,0.01946073566787434,0.01946073566787434,1.0
humaneval_037,HumanEval/37,deepseek_model,deepseek-chat,deepseek,5,5,10,0.44440660445749725,0.44440660445749725,1.0
humaneval_037,HumanEval/37,gpt5_model,gpt-5-mini,openai,5,5,10,0.6189861736338884,0.6189861736338884,1.0
humaneval_038,HumanEval/38,claude_model,claude-sonnet-4-6,anthropic,5,5,10,0.006134757258506962,0.006134757258506962,1.0
humaneval_038,HumanEval/38,deepseek_model,deepseek-chat,deepseek,5,5,10,1.1745973022380447,1.1745973022380447,0.76
humaneval_038,HumanEval/38,gpt5_model,gpt-5-mini,openai,5,5,10,0.7449495418401182,0.7449495418401182,1.0
humaneval_039,HumanEval/39,claude_model,claude-sonnet-4-6,anthropic,5,5,10,2.217548251165126,2.217548251165126,0.6
humaneval_039,HumanEval/39,deepseek_model,deepseek-chat,deepseek,5,5,10,0.4264033034551263,0.4264033034551263,1.0
humaneval_039,HumanEval/39,gpt5_model,gpt-5-mini,openai,5,5,10,2.007253551490586,2.007253551490586,1.0
humaneval_040,HumanEval/40,claude_model,claude-sonnet-4-6,anthropic,5,5,10,0.9228525431126157,0.9228525431126157,1.0
humaneval_040,HumanEval/40,deepseek_model,deepseek-chat,deepseek,5,5,10,0.9232459765421789,0.9232459765421789,1.0
humaneval_040,HumanEval/40,gpt5_model,gpt-5-mini,openai,5,5,10,0.5153850633048245,0.5153850633048245,1.0
humaneval_041,HumanEval/41,claude_model,claude-sonnet-4-6,anthropic,5,5,10,0.5621757397550772,0.5621757397550772,1.0
humaneval_041,HumanEval/41,deepseek_model,deepseek-chat,deepseek,5,5,10,0.20064988296252198,0.20064988296252198,1.0
humaneval_041,HumanEval/41,gpt5_model,gpt-5-mini,openai,5,5,10,1.0834574946499744,1.0834574946499744,0.8
humaneval_042,HumanEval/42,claude_model,claude-sonnet-4-6,anthropic,5,5,10,0.6399377182007532,0.6399377182007532,1.0
humaneval_042,HumanEval/42,deepseek_model,deepseek-chat,deepseek,5,5,10,0.47585916715427734,0.47585916715427734,1.0
humaneval_042,HumanEval/42,gpt5_model,gpt-5-mini,openai,5,5,10,1.7814188593607778,1.7814188593607778,1.0
humaneval_043,HumanEval/43,claude_model,claude-sonnet-4-6,anthropic,5,5,10,0.6386225893570818,0.6386225893570818,1.0
humaneval_043,HumanEval/43,deepseek_model,deepseek-chat,deepseek,5,5,10,0.06537778669293673,0.06537778669293673,1.0
humaneval_043,HumanEval/43,gpt5_model,gpt-5-mini,openai,5,5,10,1.194015890955802,1.194015890955802,1.0
humaneval_044,HumanEval/44,claude_model,claude-sonnet-4-6,anthropic,5,5,10,0.5113063762453492,0.5113063762453492,1.0
humaneval_044,HumanEval/44,deepseek_model,deepseek-chat,deepseek,5,5,10,0.3104626364196642,0.3104626364196642,1.0
humaneval_044,HumanEval/44,gpt5_model,gpt-5-mini,openai,5,5,10,0.7254091234576607,0.7254091234576607,1.0
humaneval_045,HumanEval/45,claude_model,claude-sonnet-4-6,anthropic,5,5,10,0.18682362138719885,0.18682362138719885,1.0
humaneval_045,HumanEval/45,deepseek_model,deepseek-chat,deepseek,5,5,10,0.03736472427743977,0.03736472427743977,1.0
humaneval_045,HumanEval/45,gpt5_model,gpt-5-mini,openai,5,5,10,0.7557638512773142,0.7557638512773142,1.0
humaneval_046,HumanEval/46,claude_model,claude-sonnet-4-6,anthropic,5,5,10,1.058746572350598,1.058746572350598,1.0
humaneval_046,HumanEval/46,deepseek_model,deepseek-chat,deepseek,5,5,10,0.8295303491901628,0.8295303491901628,1.0
humaneval_046,HumanEval/46,gpt5_model,gpt-5-mini,openai,5,5,10,0.8638779114500481,0.8638779114500481,1.0
humaneval_047,HumanEval/47,claude_model,claude-sonnet-4-6,anthropic,5,5,10,0.6758536227219537,0.6758536227219537,1.0
humaneval_047,HumanEval/47,deepseek_model,deepseek-chat,deepseek,5,5,10,1.0401166261810753,1.0401166261810753,1.0
humaneval_047,HumanEval/47,gpt5_model,gpt-5-mini,openai,5,5,10,2.777607783456134,2.777607783456134,0.96
humaneval_048,HumanEval/48,claude_model,claude-sonnet-4-6,anthropic,5,5,10,1.3212293009947307,1.3212293009947307,1.0
humaneval_048,HumanEval/48,deepseek_model,deepseek-chat,deepseek,5,5,10,0.7391341666561954,0.7391341666561954,1.0
humaneval_048,HumanEval/48,gpt5_model,gpt-5-mini,openai,5,5,10,0.981275883834325,0.981275883834325,1.0
humaneval_049,HumanEval/49,claude_model,claude-sonnet-4-6,anthropic,5,5,10,0.7830723797050428,0.7830723797050428,1.0
humaneval_049,HumanEval/49,deepseek_model,deepseek-chat,deepseek,5,5,10,1.3274129606057903,1.3274129606057903,1.0
humaneval_049,HumanEval/49,gpt5_model,gpt-5-mini,openai,5,5,10,1.798819834563048,1.798819834563048,1.0
humaneval_050,HumanEval/50,claude_model,claude-sonnet-4-6,anthropic,5,5,10,0.3671388433499766,0.3671388433499766,1.0
humaneval_050,HumanEval/50,deepseek_model,deepseek-chat,deepseek,5,5,10,0.0,0.0,1.0
humaneval_050,HumanEval/50,gpt5_model,gpt-5-mini,openai,5,5,10,1.3115227688239182,1.3115227688239182,1.0
humaneval_051,HumanEval/51,claude_model,claude-sonnet-4-6,anthropic,5,5,10,0.8087082467685933,0.8087082467685933,1.0
humaneval_051,HumanEval/51,deepseek_model,deepseek-chat,deepseek,5,5,10,1.1810192115680165,1.1810192115680165,1.0
humaneval_051,HumanEval/51,gpt5_model,gpt-5-mini,openai,5,5,10,1.150777258695654,1.150777258695654,1.0
humaneval_052,HumanEval/52,claude_model,claude-sonnet-4-6,anthropic,5,5,10,1.6413745751324047,1.6413745751324047,1.0
humaneval_052,HumanEval/52,deepseek_model,deepseek-chat,deepseek,5,5,10,2.418711092451802,2.418711092451802,1.0
humaneval_052,HumanEval/52,gpt5_model,gpt-5-mini,openai,5,5,10,1.6760127545292587,1.6760127545292587,1.0
humaneval_053,HumanEval/53,claude_model,claude-sonnet-4-6,anthropic,5,5,10,0.15933117337695338,0.15933117337695338,1.0
humaneval_053,HumanEval/53,deepseek_model,deepseek-chat,deepseek,5,5,10,0.0,0.0,1.0
humaneval_053,HumanEval/53,gpt5_model,gpt-5-mini,openai,5,5,10,1.1911780630439743,1.1911780630439743,1.0
humaneval_054,HumanEval/54,claude_model,claude-sonnet-4-6,anthropic,5,5,10,0.32527664482349417,0.32527664482349417,1.0
humaneval_054,HumanEval/54,deepseek_model,deepseek-chat,deepseek,5,5,10,0.45710409060476637,0.45710409060476637,0.0
humaneval_054,HumanEval/54,gpt5_model,gpt-5-mini,openai,5,5,10,1.3379935351347751,1.3379935351347751,0.96
humaneval_055,HumanEval/55,claude_model,claude-sonnet-4-6,anthropic,5,5,10,0.7560122477642097,0.7560122477642097,1.0
humaneval_055,HumanEval/55,deepseek_model,deepseek-chat,deepseek,5,5,10,0.7794995350284745,0.7794995350284745,1.0
humaneval_055,HumanEval/55,gpt5_model,gpt-5-mini,openai,5,5,10,1.7079912824574575,1.7079912824574575,1.0
humaneval_056,HumanEval/56,claude_model,claude-sonnet-4-6,anthropic,5,5,10,0.11569686090052653,0.11569686090052653,1.0
humaneval_056,HumanEval/56,deepseek_model,deepseek-chat,deepseek,5,5,10,0.5819667384445784,0.5819667384445784,1.0
humaneval_056,HumanEval/56,gpt5_model,gpt-5-mini,openai,5,5,10,0.7584178628358014,0.7584178628358014,1.0
humaneval_057,HumanEval/57,claude_model,claude-sonnet-4-6,anthropic,5,5,10,1.2484429090012026,1.2484429090012026,1.0
humaneval_057,HumanEval/57,deepseek_model,deepseek-chat,deepseek,5,5,10,2.388834884869525,2.388834884869525,1.0
humaneval_057,HumanEval/57,gpt5_model,gpt-5-mini,openai,5,5,10,0.9825435661638586,0.9825435661638586,1.0
humaneval_058,HumanEval/58,claude_model,claude-sonnet-4-6,anthropic,5,5,10,0.7999948857692699,0.7999948857692699,1.0
humaneval_058,HumanEval/58,deepseek_model,deepseek-chat,deepseek,5,5,10,0.4568184491326622,0.4568184491326622,1.0
humaneval_058,HumanEval/58,gpt5_model,gpt-5-mini,openai,5,5,10,1.1118467645744936,1.1118467645744936,1.0
humaneval_059,HumanEval/59,claude_model,claude-sonnet-4-6,anthropic,5,5,10,0.05009120135106707,0.05009120135106707,1.0
humaneval_059,HumanEval/59,deepseek_model,deepseek-chat,deepseek,5,5,10,0.0,0.0,0.0
humaneval_059,HumanEval/59,gpt5_model,gpt-5-mini,openai,5,5,10,0.629785187912579,0.629785187912579,1.0
humaneval_060,HumanEval/60,claude_model,claude-sonnet-4-6,anthropic,5,5,10,0.7261140663430564,0.7261140663430564,1.0
humaneval_060,HumanEval/60,deepseek_model,deepseek-chat,deepseek,5,5,10,0.4682086734409515,0.4682086734409515,1.0
humaneval_060,HumanEval/60,gpt5_model,gpt-5-mini,openai,5,5,10,0.4384214154832451,0.4384214154832451,0.96
humaneval_061,HumanEval/61,claude_model,claude-sonnet-4-6,anthropic,5,5,10,0.3464261250451641,0.3464261250451641,1.0
humaneval_061,HumanEval/61,deepseek_model,deepseek-chat,deepseek,5,5,10,0.4526573519979723,0.4526573519979723,1.0
humaneval_061,HumanEval/61,gpt5_model,gpt-5-mini,openai,5,5,10,0.9949956025951598,0.9949956025951598,1.0
humaneval_062,HumanEval/62,claude_model,claude-sonnet-4-6,anthropic,5,5,10,1.0448233455816625,1.0448233455816625,1.0
humaneval_062,HumanEval/62,deepseek_model,deepseek-chat,deepseek,5,5,10,1.0758576649240976,1.0758576649240976,1.0
humaneval_062,HumanEval/62,gpt5_model,gpt-5-mini,openai,5,5,10,0.8199083155312648,0.8199083155312648,1.0
humaneval_063,HumanEval/63,claude_model,claude-sonnet-4-6,anthropic,5,5,10,0.5547094112494326,0.5547094112494326,1.0
humaneval_063,HumanEval/63,deepseek_model,deepseek-chat,deepseek,5,5,10,0.5249469762543242,0.5249469762543242,1.0
humaneval_063,HumanEval/63,gpt5_model,gpt-5-mini,openai,5,5,10,2.0502866816431218,2.0502866816431218,1.0
humaneval_064,HumanEval/64,claude_model,claude-sonnet-4-6,anthropic,5,5,10,2.4713662991710446,2.4713662991710446,0.84
humaneval_064,HumanEval/64,deepseek_model,deepseek-chat,deepseek,5,5,10,0.25107005839560104,0.25107005839560104,1.0
humaneval_064,HumanEval/64,gpt5_model,gpt-5-mini,openai,5,5,10,4.9583624955156065,4.9583624955156065,1.0
humaneval_065,HumanEval/65,claude_model,claude-sonnet-4-6,anthropic,5,5,10,0.06774225349963243,0.06774225349963243,1.0
humaneval_065,HumanEval/65,deepseek_model,deepseek-chat,deepseek,5,5,10,0.37980189173591183,0.37980189173591183,0.92
humaneval_065,HumanEval/65,gpt5_model,gpt-5-mini,openai,5,5,10,0.9914390133976783,0.9914390133976783,1.0
humaneval_066,HumanEval/66,claude_model,claude-sonnet-4-6,anthropic,5,5,10,1.4802970235240072,1.4802970235240072,1.0
humaneval_066,HumanEval/66,deepseek_model,deepseek-chat,deepseek,5,5,10,1.464783825739831,1.464783825739831,1.0
humaneval_066,HumanEval/66,gpt5_model,gpt-5-mini,openai,5,5,10,1.305811425187257,1.305811425187257,1.0
humaneval_067,HumanEval/67,claude_model,claude-sonnet-4-6,anthropic,5,5,10,0.6899655961861177,0.6899655961861177,1.0
humaneval_067,HumanEval/67,deepseek_model,deepseek-chat,deepseek,5,5,10,0.6828868195373408,0.6828868195373408,1.0
humaneval_067,HumanEval/67,gpt5_model,gpt-5-mini,openai,5,5,10,1.5381867457022982,1.5381867457022982,1.0
humaneval_068,HumanEval/68,claude_model,claude-sonnet-4-6,anthropic,5,5,10,1.0835314798127555,1.0835314798127555,1.0
humaneval_068,HumanEval/68,deepseek_model,deepseek-chat,deepseek,5,5,10,0.4816187739752257,0.4816187739752257,1.0
humaneval_068,HumanEval/68,gpt5_model,gpt-5-mini,openai,5,5,10,0.8445233266789656,0.8445233266789656,1.0
humaneval_069,HumanEval/69,claude_model,claude-sonnet-4-6,anthropic,5,5,10,0.7061302846688112,0.7061302846688112,1.0
humaneval_069,HumanEval/69,deepseek_model,deepseek-chat,deepseek,5,5,10,0.29999033345403814,0.29999033345403814,1.0
humaneval_069,HumanEval/69,gpt5_model,gpt-5-mini,openai,5,5,10,1.2172151426529816,1.2172151426529816,1.0
humaneval_070,HumanEval/70,claude_model,claude-sonnet-4-6,anthropic,5,5,10,0.7993622854261592,0.7993622854261592,1.0
humaneval_070,HumanEval/70,deepseek_model,deepseek-chat,deepseek,5,5,10,0.4561065037214698,0.4561065037214698,1.0
humaneval_070,HumanEval/70,gpt5_model,gpt-5-mini,openai,5,5,10,0.6294449352995626,0.6294449352995626,1.0
humaneval_071,HumanEval/71,claude_model,claude-sonnet-4-6,anthropic,5,5,10,0.3194232086175147,0.3194232086175147,1.0
humaneval_071,HumanEval/71,deepseek_model,deepseek-chat,deepseek,5,5,10,0.020123121759111885,0.020123121759111885,1.0
humaneval_071,HumanEval/71,gpt5_model,gpt-5-mini,openai,5,5,10,0.7668321488017121,0.7668321488017121,1.0
humaneval_072,HumanEval/72,claude_model,claude-sonnet-4-6,anthropic,5,5,10,1.8510511943196275,1.8510511943196275,1.0
humaneval_072,HumanEval/72,deepseek_model,deepseek-chat,deepseek,5,5,10,1.5952297937003832,1.5952297937003832,1.0
humaneval_072,HumanEval/72,gpt5_model,gpt-5-mini,openai,5,5,10,1.697261556856916,1.697261556856916,1.0
humaneval_073,HumanEval/73,claude_model,claude-sonnet-4-6,anthropic,5,5,10,0.9294614876801275,0.9294614876801275,1.0
humaneval_073,HumanEval/73,deepseek_model,deepseek-chat,deepseek,5,5,10,0.879257878752177,0.879257878752177,0.8
humaneval_073,HumanEval/73,gpt5_model,gpt-5-mini,openai,5,5,10,1.3990721645656348,1.3990721645656348,0.88
humaneval_074,HumanEval/74,claude_model,claude-sonnet-4-6,anthropic,5,5,10,0.3872862475222402,0.3872862475222402,1.0
humaneval_074,HumanEval/74,deepseek_model,deepseek-chat,deepseek,5,5,10,1.2248734040753773,1.2248734040753773,1.0
humaneval_074,HumanEval/74,gpt5_model,gpt-5-mini,openai,5,5,10,1.3365572846822253,1.3365572846822253,1.0
humaneval_075,HumanEval/75,claude_model,claude-sonnet-4-6,anthropic,5,5,10,0.48942915395616327,0.48942915395616327,1.0
humaneval_075,HumanEval/75,deepseek_model,deepseek-chat,deepseek,5,5,10,1.577734290258531,1.577734290258531,1.0
humaneval_075,HumanEval/75,gpt5_model,gpt-5-mini,openai,5,5,10,1.1794891293856586,1.1794891293856586,0.96
humaneval_076,HumanEval/76,claude_model,claude-sonnet-4-6,anthropic,5,5,10,0.8418265367586205,0.8418265367586205,1.0
humaneval_076,HumanEval/76,deepseek_model,deepseek-chat,deepseek,5,5,10,0.9737303650878726,0.9737303650878726,1.0
humaneval_076,HumanEval/76,gpt5_model,gpt-5-mini,openai,5,5,10,1.6488421649914327,1.6488421649914327,0.96
humaneval_077,HumanEval/77,claude_model,claude-sonnet-4-6,anthropic,5,5,10,0.7381670572003968,0.7381670572003968,1.0
humaneval_077,HumanEval/77,deepseek_model,deepseek-chat,deepseek,5,5,10,1.1673366081248724,1.1673366081248724,1.0
humaneval_077,HumanEval/77,gpt5_model,gpt-5-mini,openai,5,5,10,0.7783286582613533,0.7783286582613533,1.0
humaneval_078,HumanEval/78,claude_model,claude-sonnet-4-6,anthropic,5,5,10,1.3505574329035093,1.3505574329035093,1.0
humaneval_078,HumanEval/78,deepseek_model,deepseek-chat,deepseek,5,5,10,0.9878953849855249,0.9878953849855249,1.0
humaneval_078,HumanEval/78,gpt5_model,gpt-5-mini,openai,5,5,10,1.399173316610318,1.399173316610318,1.0
humaneval_079,HumanEval/79,claude_model,claude-sonnet-4-6,anthropic,5,5,10,0.8563817556547135,0.8563817556547135,1.0
humaneval_079,HumanEval/79,deepseek_model,deepseek-chat,deepseek,5,5,10,0.7545341765212062,0.7545341765212062,1.0
humaneval_079,HumanEval/79,gpt5_model,gpt-5-mini,openai,5,5,10,0.5471754816021277,0.5471754816021277,1.0
humaneval_080,HumanEval/80,claude_model,claude-sonnet-4-6,anthropic,5,5,10,1.8226536520039243,1.8226536520039243,1.0
humaneval_080,HumanEval/80,deepseek_model,deepseek-chat,deepseek,5,5,10,0.008105146264086783,0.008105146264086783,1.0
humaneval_080,HumanEval/80,gpt5_model,gpt-5-mini,openai,5,5,10,0.38854691242987416,0.38854691242987416,1.0
humaneval_081,HumanEval/81,claude_model,claude-sonnet-4-6,anthropic,5,5,10,4.222712668363011,4.222712668363011,0.84
humaneval_081,HumanEval/81,deepseek_model,deepseek-chat,deepseek,5,5,10,0.0,0.0,1.0
humaneval_081,HumanEval/81,gpt5_model,gpt-5-mini,openai,5,5,10,3.639704217052933,3.639704217052933,0.92
humaneval_082,HumanEval/82,claude_model,claude-sonnet-4-6,anthropic,5,5,10,0.4687292404783606,0.4687292404783606,1.0
humaneval_082,HumanEval/82,deepseek_model,deepseek-chat,deepseek,5,5,10,1.1153949937284764,1.1153949937284764,1.0
humaneval_082,HumanEval/82,gpt5_model,gpt-5-mini,openai,5,5,10,0.923470307530318,0.923470307530318,1.0
humaneval_083,HumanEval/83,claude_model,claude-sonnet-4-6,anthropic,5,5,10,1.43411305537674,1.43411305537674,0.88
humaneval_083,HumanEval/83,deepseek_model,deepseek-chat,deepseek,5,5,10,0.7842665955234238,0.7842665955234238,0.8
humaneval_083,HumanEval/83,gpt5_model,gpt-5-mini,openai,5,5,10,0.5790486774143943,0.5790486774143943,1.0
humaneval_084,HumanEval/84,claude_model,claude-sonnet-4-6,anthropic,5,5,10,1.2862574613675761,1.2862574613675761,0.6
humaneval_084,HumanEval/84,deepseek_model,deepseek-chat,deepseek,5,5,10,0.3913163799178839,0.3913163799178839,1.0
humaneval_084,HumanEval/84,gpt5_model,gpt-5-mini,openai,5,5,10,1.7538970550960002,1.7538970550960002,0.88
humaneval_085,HumanEval/85,claude_model,claude-sonnet-4-6,anthropic,5,5,10,0.7622067057351641,0.7622067057351641,1.0
humaneval_085,HumanEval/85,deepseek_model,deepseek-chat,deepseek,5,5,10,0.9571727145955637,0.9571727145955637,1.0
humaneval_085,HumanEval/85,gpt5_model,gpt-5-mini,openai,5,5,10,1.3290049922562148,1.3290049922562148,1.0
humaneval_086,HumanEval/86,claude_model,claude-sonnet-4-6,anthropic,5,5,10,0.8284802539631183,0.8284802539631183,1.0
humaneval_086,HumanEval/86,deepseek_model,deepseek-chat,deepseek,5,5,10,0.45599605036315205,0.45599605036315205,1.0
humaneval_086,HumanEval/86,gpt5_model,gpt-5-mini,openai,5,5,10,1.7380570204639447,1.7380570204639447,1.0
humaneval_087,HumanEval/87,claude_model,claude-sonnet-4-6,anthropic,5,5,10,0.5886386382043838,0.5886386382043838,1.0
humaneval_087,HumanEval/87,deepseek_model,deepseek-chat,deepseek,5,5,10,0.0,0.0,1.0
humaneval_087,HumanEval/87,gpt5_model,gpt-5-mini,openai,5,5,10,0.9743852425713925,0.9743852425713925,1.0
humaneval_088,HumanEval/88,claude_model,claude-sonnet-4-6,anthropic,5,5,10,1.1159658850238885,1.1159658850238885,1.0
humaneval_088,HumanEval/88,deepseek_model,deepseek-chat,deepseek,5,5,10,0.37978506282260954,0.37978506282260954,1.0
humaneval_088,HumanEval/88,gpt5_model,gpt-5-mini,openai,5,5,10,0.6014909420160052,0.6014909420160052,1.0
humaneval_089,HumanEval/89,claude_model,claude-sonnet-4-6,anthropic,5,5,10,0.719266328156871,0.719266328156871,1.0
humaneval_089,HumanEval/89,deepseek_model,deepseek-chat,deepseek,5,5,10,0.7070283258316417,0.7070283258316417,1.0
humaneval_089,HumanEval/89,gpt5_model,gpt-5-mini,openai,5,5,10,1.0728271061048174,1.0728271061048174,1.0
humaneval_090,HumanEval/90,claude_model,claude-sonnet-4-6,anthropic,5,5,10,1.572972062268073,1.572972062268073,1.0
humaneval_090,HumanEval/90,deepseek_model,deepseek-chat,deepseek,5,5,10,1.4359463374995483,1.4359463374995483,1.0
humaneval_090,HumanEval/90,gpt5_model,gpt-5-mini,openai,5,5,10,0.9662174988687988,0.9662174988687988,1.0
humaneval_091,HumanEval/91,claude_model,claude-sonnet-4-6,anthropic,5,5,10,1.7093350339601394,1.7093350339601394,1.0
humaneval_091,HumanEval/91,deepseek_model,deepseek-chat,deepseek,5,5,10,0.7333522448087556,0.7333522448087556,1.0
humaneval_091,HumanEval/91,gpt5_model,gpt-5-mini,openai,5,5,10,0.941146029077468,0.941146029077468,1.0
humaneval_092,HumanEval/92,claude_model,claude-sonnet-4-6,anthropic,5,5,10,1.0702405517943305,1.0702405517943305,1.0
humaneval_092,HumanEval/92,deepseek_model,deepseek-chat,deepseek,5,5,10,0.24462651053820283,0.24462651053820283,1.0
humaneval_092,HumanEval/92,gpt5_model,gpt-5-mini,openai,5,5,10,1.903829469590422,1.903829469590422,0.76
humaneval_093,HumanEval/93,claude_model,claude-sonnet-4-6,anthropic,5,5,10,0.6851762402619996,0.6851762402619996,1.0
humaneval_093,HumanEval/93,deepseek_model,deepseek-chat,deepseek,5,5,10,1.0586209520671503,1.0586209520671503,0.88
humaneval_093,HumanEval/93,gpt5_model,gpt-5-mini,openai,5,5,10,1.5299352806917759,1.5299352806917759,0.84
humaneval_094,HumanEval/94,claude_model,claude-sonnet-4-6,anthropic,5,5,10,0.6273627321141462,0.6273627321141462,1.0
humaneval_094,HumanEval/94,deepseek_model,deepseek-chat,deepseek,5,5,10,0.839084586727861,0.839084586727861,1.0
humaneval_094,HumanEval/94,gpt5_model,gpt-5-mini,openai,5,5,10,2.217332373978866,2.217332373978866,1.0
humaneval_095,HumanEval/95,claude_model,claude-sonnet-4-6,anthropic,5,5,10,1.284181899146061,1.284181899146061,1.0
humaneval_095,HumanEval/95,deepseek_model,deepseek-chat,deepseek,5,5,10,2.4830588281331627,2.4830588281331627,1.0
humaneval_095,HumanEval/95,gpt5_model,gpt-5-mini,openai,5,5,10,1.6651276402258113,1.6651276402258113,1.0
humaneval_096,HumanEval/96,claude_model,claude-sonnet-4-6,anthropic,5,5,10,2.294252625833468,2.294252625833468,1.0
humaneval_096,HumanEval/96,deepseek_model,deepseek-chat,deepseek,5,5,10,2.1793434069897533,2.1793434069897533,1.0
humaneval_096,HumanEval/96,gpt5_model,gpt-5-mini,openai,5,5,10,0.7871875351919638,0.7871875351919638,1.0
humaneval_097,HumanEval/97,claude_model,claude-sonnet-4-6,anthropic,5,5,10,0.43699172652993357,0.43699172652993357,1.0
humaneval_097,HumanEval/97,deepseek_model,deepseek-chat,deepseek,5,5,10,0.7793594398538417,0.7793594398538417,0.4
humaneval_097,HumanEval/97,gpt5_model,gpt-5-mini,openai,5,5,10,0.4888246019401839,0.4888246019401839,1.0
humaneval_098,HumanEval/98,claude_model,claude-sonnet-4-6,anthropic,5,5,10,1.3652862327448043,1.3652862327448043,1.0
humaneval_098,HumanEval/98,deepseek_model,deepseek-chat,deepseek,5,5,10,0.3776038158849208,0.3776038158849208,1.0
humaneval_098,HumanEval/98,gpt5_model,gpt-5-mini,openai,5,5,10,1.480963649520911,1.480963649520911,1.0
humaneval_099,HumanEval/99,claude_model,claude-sonnet-4-6,anthropic,5,5,10,0.6695453030210203,0.6695453030210203,1.0
humaneval_099,HumanEval/99,deepseek_model,deepseek-chat,deepseek,5,5,10,1.1460253271009182,1.1460253271009182,1.0
humaneval_099,HumanEval/99,gpt5_model,gpt-5-mini,openai,5,5,10,0.9619305450569872,0.9619305450569872,1.0
humaneval_100,HumanEval/100,claude_model,claude-sonnet-4-6,anthropic,5,5,10,0.5883747955440594,0.5883747955440594,1.0
humaneval_100,HumanEval/100,deepseek_model,deepseek-chat,deepseek,5,5,10,0.29183775908819654,0.29183775908819654,1.0
humaneval_100,HumanEval/100,gpt5_model,gpt-5-mini,openai,5,5,10,1.1080682151963699,1.1080682151963699,1.0
humaneval_101,HumanEval/101,claude_model,claude-sonnet-4-6,anthropic,5,5,10,1.2825181209603242,1.2825181209603242,0.92
humaneval_101,HumanEval/101,deepseek_model,deepseek-chat,deepseek,5,5,10,0.7155624341748039,0.7155624341748039,0.44
humaneval_101,HumanEval/101,gpt5_model,gpt-5-mini,openai,5,5,10,0.522362758110557,0.522362758110557,1.0
humaneval_102,HumanEval/102,claude_model,claude-sonnet-4-6,anthropic,5,5,10,0.8788978285887008,0.8788978285887008,1.0
humaneval_102,HumanEval/102,deepseek_model,deepseek-chat,deepseek,5,5,10,0.016302523502902667,0.016302523502902667,1.0
humaneval_102,HumanEval/102,gpt5_model,gpt-5-mini,openai,5,5,10,0.8231680537692251,0.8231680537692251,1.0
humaneval_103,HumanEval/103,claude_model,claude-sonnet-4-6,anthropic,5,5,10,0.29476590372320943,0.29476590372320943,1.0
humaneval_103,HumanEval/103,deepseek_model,deepseek-chat,deepseek,5,5,10,0.5113175349469637,0.5113175349469637,0.64
humaneval_103,HumanEval/103,gpt5_model,gpt-5-mini,openai,5,5,10,0.533617246878759,0.533617246878759,0.16
humaneval_104,HumanEval/104,claude_model,claude-sonnet-4-6,anthropic,5,5,10,2.552948126188987,2.552948126188987,1.0
humaneval_104,HumanEval/104,deepseek_model,deepseek-chat,deepseek,5,5,10,1.065042649963053,1.065042649963053,1.0
humaneval_104,HumanEval/104,gpt5_model,gpt-5-mini,openai,5,5,10,1.437114436944236,1.437114436944236,1.0
humaneval_105,HumanEval/105,claude_model,claude-sonnet-4-6,anthropic,5,5,10,0.6833454393159325,0.6833454393159325,1.0
humaneval_105,HumanEval/105,deepseek_model,deepseek-chat,deepseek,5,5,10,0.030401285685380586,0.030401285685380586,1.0
humaneval_105,HumanEval/105,gpt5_model,gpt-5-mini,openai,5,5,10,1.3255511717130124,1.3255511717130124,1.0
humaneval_106,HumanEval/106,claude_model,claude-sonnet-4-6,anthropic,5,5,10,1.0018632281364659,1.0018632281364659,0.44
humaneval_106,HumanEval/106,deepseek_model,deepseek-chat,deepseek,5,5,10,2.895144581967883,2.895144581967883,0.8
humaneval_106,HumanEval/106,gpt5_model,gpt-5-mini,openai,5,5,10,0.5798780972777184,0.5798780972777184,0.64
humaneval_107,HumanEval/107,claude_model,claude-sonnet-4-6,anthropic,5,5,10,0.9394032468504976,0.9394032468504976,1.0
humaneval_107,HumanEval/107,deepseek_model,deepseek-chat,deepseek,5,5,10,1.4871564963747015,1.4871564963747015,1.0
humaneval_107,HumanEval/107,gpt5_model,gpt-5-mini,openai,5,5,10,0.5153491157789968,0.5153491157789968,1.0
humaneval_108,HumanEval/108,claude_model,claude-sonnet-4-6,anthropic,5,5,10,0.6769680173345651,0.6769680173345651,1.0
humaneval_108,HumanEval/108,deepseek_model,deepseek-chat,deepseek,5,5,10,0.9092506579857806,0.9092506579857806,0.56
humaneval_108,HumanEval/108,gpt5_model,gpt-5-mini,openai,5,5,10,1.6683884485666376,1.6683884485666376,1.0
humaneval_109,HumanEval/109,claude_model,claude-sonnet-4-6,anthropic,5,5,10,1.3103685673652024,1.3103685673652024,1.0
humaneval_109,HumanEval/109,deepseek_model,deepseek-chat,deepseek,5,5,10,0.07699831074378108,0.07699831074378108,1.0
humaneval_109,HumanEval/109,gpt5_model,gpt-5-mini,openai,5,5,10,0.6806362471415297,0.6806362471415297,1.0
humaneval_110,HumanEval/110,claude_model,claude-sonnet-4-6,anthropic,5,5,10,0.3487169308172758,0.3487169308172758,1.0
humaneval_110,HumanEval/110,deepseek_model,deepseek-chat,deepseek,5,5,10,0.49824148424864045,0.49824148424864045,1.0
humaneval_110,HumanEval/110,gpt5_model,gpt-5-mini,openai,5,5,10,0.2521074965489481,0.2521074965489481,1.0
humaneval_111,HumanEval/111,claude_model,claude-sonnet-4-6,anthropic,5,5,10,0.6515399685469789,0.6515399685469789,1.0
humaneval_111,HumanEval/111,deepseek_model,deepseek-chat,deepseek,5,5,10,0.10368438486382381,0.10368438486382381,1.0
humaneval_111,HumanEval/111,gpt5_model,gpt-5-mini,openai,5,5,10,0.8739703833862,0.8739703833862,0.8
humaneval_112,HumanEval/112,claude_model,claude-sonnet-4-6,anthropic,5,5,10,0.7899516291228645,0.7899516291228645,1.0
humaneval_112,HumanEval/112,deepseek_model,deepseek-chat,deepseek,5,5,10,0.1785981298626073,0.1785981298626073,1.0
humaneval_112,HumanEval/112,gpt5_model,gpt-5-mini,openai,5,5,10,1.1182680913739822,1.1182680913739822,1.0
humaneval_113,HumanEval/113,claude_model,claude-sonnet-4-6,anthropic,5,5,10,0.024539029034027937,0.024539029034027937,1.0
humaneval_113,HumanEval/113,deepseek_model,deepseek-chat,deepseek,5,5,10,0.0,0.0,1.0
humaneval_113,HumanEval/113,gpt5_model,gpt-5-mini,openai,5,5,10,1.855799390923887,1.855799390923887,0.88
humaneval_114,HumanEval/114,claude_model,claude-sonnet-4-6,anthropic,5,5,10,0.5372974148975765,0.5372974148975765,1.0
humaneval_114,HumanEval/114,deepseek_model,deepseek-chat,deepseek,5,5,10,0.6064318326425213,0.6064318326425213,1.0
humaneval_114,HumanEval/114,gpt5_model,gpt-5-mini,openai,5,5,10,0.8019629275404849,0.8019629275404849,1.0
humaneval_115,HumanEval/115,claude_model,claude-sonnet-4-6,anthropic,5,5,10,0.9726727584468648,0.9726727584468648,1.0
humaneval_115,HumanEval/115,deepseek_model,deepseek-chat,deepseek,5,5,10,0.8012703423179731,0.8012703423179731,0.76
humaneval_115,HumanEval/115,gpt5_model,gpt-5-mini,openai,5,5,10,0.9878401290654756,0.9878401290654756,1.0
humaneval_116,HumanEval/116,claude_model,claude-sonnet-4-6,anthropic,5,5,10,0.0,0.0,1.0
humaneval_116,HumanEval/116,deepseek_model,deepseek-chat,deepseek,5,5,10,1.2765991155939678,1.2765991155939678,1.0
humaneval_116,HumanEval/116,gpt5_model,gpt-5-mini,openai,5,5,10,1.436104772439458,1.436104772439458,0.76
humaneval_117,HumanEval/117,claude_model,claude-sonnet-4-6,anthropic,5,5,10,0.7002195393525701,0.7002195393525701,1.0
humaneval_117,HumanEval/117,deepseek_model,deepseek-chat,deepseek,5,5,10,1.1535373997354992,1.1535373997354992,1.0
humaneval_117,HumanEval/117,gpt5_model,gpt-5-mini,openai,5,5,10,1.669266630882819,1.669266630882819,1.0
humaneval_118,HumanEval/118,claude_model,claude-sonnet-4-6,anthropic,5,5,10,0.6252581359242786,0.6252581359242786,1.0
humaneval_118,HumanEval/118,deepseek_model,deepseek-chat,deepseek,5,5,10,0.8552811344394596,0.8552811344394596,1.0
humaneval_118,HumanEval/118,gpt5_model,gpt-5-mini,openai,5,5,10,1.0840205781114811,1.0840205781114811,1.0
humaneval_119,HumanEval/119,claude_model,claude-sonnet-4-6,anthropic,5,5,10,0.46369502381290123,0.46369502381290123,1.0
humaneval_119,HumanEval/119,deepseek_model,deepseek-chat,deepseek,5,5,10,1.9111772232202042,1.9111772232202042,1.0
humaneval_119,HumanEval/119,gpt5_model,gpt-5-mini,openai,5,5,10,0.8460099103909415,0.8460099103909415,1.0
humaneval_120,HumanEval/120,claude_model,claude-sonnet-4-6,anthropic,5,5,10,0.990181854676479,0.990181854676479,1.0
humaneval_120,HumanEval/120,deepseek_model,deepseek-chat,deepseek,5,5,10,0.7922539716364279,0.7922539716364279,1.0
humaneval_120,HumanEval/120,gpt5_model,gpt-5-mini,openai,5,5,10,1.7778736033113678,1.7778736033113678,0.96
humaneval_121,HumanEval/121,claude_model,claude-sonnet-4-6,anthropic,5,5,10,1.236589556400044,1.236589556400044,1.0
humaneval_121,HumanEval/121,deepseek_model,deepseek-chat,deepseek,5,5,10,1.377030257867779,1.377030257867779,1.0
humaneval_121,HumanEval/121,gpt5_model,gpt-5-mini,openai,5,5,10,1.4207225466172628,1.4207225466172628,1.0
humaneval_122,HumanEval/122,claude_model,claude-sonnet-4-6,anthropic,5,5,10,0.9113314214671379,0.9113314214671379,1.0
humaneval_122,HumanEval/122,deepseek_model,deepseek-chat,deepseek,5,5,10,0.9115827447087426,0.9115827447087426,0.88
humaneval_122,HumanEval/122,gpt5_model,gpt-5-mini,openai,5,5,10,1.137113639585029,1.137113639585029,1.0
humaneval_123,HumanEval/123,claude_model,claude-sonnet-4-6,anthropic,5,5,10,0.4426263705518047,0.4426263705518047,1.0
humaneval_123,HumanEval/123,deepseek_model,deepseek-chat,deepseek,5,5,10,0.3538762523182907,0.3538762523182907,1.0
humaneval_123,HumanEval/123,gpt5_model,gpt-5-mini,openai,5,5,10,0.36859242094819694,0.36859242094819694,1.0
humaneval_124,HumanEval/124,claude_model,claude-sonnet-4-6,anthropic,5,5,10,1.2050459370513458,1.2050459370513458,1.0
humaneval_124,HumanEval/124,deepseek_model,deepseek-chat,deepseek,5,5,10,1.0940580350189282,1.0940580350189282,1.0
humaneval_124,HumanEval/124,gpt5_model,gpt-5-mini,openai,5,5,10,1.5033720791352185,1.5033720791352185,1.0
humaneval_125,HumanEval/125,claude_model,claude-sonnet-4-6,anthropic,5,5,10,1.703898853143468,1.703898853143468,1.0
humaneval_125,HumanEval/125,deepseek_model,deepseek-chat,deepseek,5,5,10,1.3535634120733149,1.3535634120733149,1.0
humaneval_125,HumanEval/125,gpt5_model,gpt-5-mini,openai,5,5,10,0.9338928650925886,0.9338928650925886,1.0
humaneval_126,HumanEval/126,claude_model,claude-sonnet-4-6,anthropic,5,5,10,1.2266594721095496,1.2266594721095496,1.0
humaneval_126,HumanEval/126,deepseek_model,deepseek-chat,deepseek,5,5,10,1.085264265459363,1.085264265459363,0.56
humaneval_126,HumanEval/126,gpt5_model,gpt-5-mini,openai,5,5,10,1.6814069506723086,1.6814069506723086,1.0
humaneval_127,HumanEval/127,claude_model,claude-sonnet-4-6,anthropic,5,5,10,1.5577282614067034,1.5577282614067034,1.0
humaneval_127,HumanEval/127,deepseek_model,deepseek-chat,deepseek,5,5,10,0.8460170272642229,0.8460170272642229,0.0
humaneval_127,HumanEval/127,gpt5_model,gpt-5-mini,openai,5,5,10,0.8816273784845862,0.8816273784845862,0.92
humaneval_128,HumanEval/128,claude_model,claude-sonnet-4-6,anthropic,5,5,10,0.5633600314556247,0.5633600314556247,1.0
humaneval_128,HumanEval/128,deepseek_model,deepseek-chat,deepseek,5,5,10,0.5010089060363201,0.5010089060363201,1.0
humaneval_128,HumanEval/128,gpt5_model,gpt-5-mini,openai,5,5,10,0.614619728593468,0.614619728593468,1.0
humaneval_129,HumanEval/129,claude_model,claude-sonnet-4-6,anthropic,5,5,10,2.6630193166443306,2.6630193166443306,0.96
humaneval_129,HumanEval/129,deepseek_model,deepseek-chat,deepseek,5,5,10,1.6613351375701584,1.6613351375701584,0.72
humaneval_129,HumanEval/129,gpt5_model,gpt-5-mini,openai,5,5,10,2.085072817186674,2.085072817186674,0.96
humaneval_130,HumanEval/130,claude_model,claude-sonnet-4-6,anthropic,5,5,10,0.5485996687448156,0.5485996687448156,1.0
humaneval_130,HumanEval/130,deepseek_model,deepseek-chat,deepseek,5,5,10,1.1959570987120371,1.1959570987120371,0.28
humaneval_130,HumanEval/130,gpt5_model,gpt-5-mini,openai,5,5,10,1.3023324823802436,1.3023324823802436,0.92
humaneval_131,HumanEval/131,claude_model,claude-sonnet-4-6,anthropic,5,5,10,1.238337476148866,1.238337476148866,1.0
humaneval_131,HumanEval/131,deepseek_model,deepseek-chat,deepseek,5,5,10,0.06602619839406368,0.06602619839406368,1.0
humaneval_131,HumanEval/131,gpt5_model,gpt-5-mini,openai,5,5,10,1.239932837884348,1.239932837884348,1.0
humaneval_132,HumanEval/132,claude_model,claude-sonnet-4-6,anthropic,5,5,10,1.310785749240495,1.310785749240495,0.76
humaneval_132,HumanEval/132,deepseek_model,deepseek-chat,deepseek,5,5,10,0.9499941979189408,0.9499941979189408,0.08
humaneval_132,HumanEval/132,gpt5_model,gpt-5-mini,openai,5,5,10,1.0572605124787875,1.0572605124787875,0.88
humaneval_133,HumanEval/133,claude_model,claude-sonnet-4-6,anthropic,5,5,10,0.75931423619039,0.75931423619039,1.0
humaneval_133,HumanEval/133,deepseek_model,deepseek-chat,deepseek,5,5,10,0.8698563457956109,0.8698563457956109,1.0
humaneval_133,HumanEval/133,gpt5_model,gpt-5-mini,openai,5,5,10,1.2121818596563947,1.2121818596563947,1.0
humaneval_134,HumanEval/134,claude_model,claude-sonnet-4-6,anthropic,5,5,10,1.1153762574682882,1.1153762574682882,1.0
humaneval_134,HumanEval/134,deepseek_model,deepseek-chat,deepseek,5,5,10,0.7122936405878229,0.7122936405878229,1.0
humaneval_134,HumanEval/134,gpt5_model,gpt-5-mini,openai,5,5,10,1.036914423115007,1.036914423115007,0.84
humaneval_135,HumanEval/135,claude_model,claude-sonnet-4-6,anthropic,5,5,10,0.058670703892949684,0.058670703892949684,1.0
humaneval_135,HumanEval/135,deepseek_model,deepseek-chat,deepseek,5,5,10,0.12840787584731045,0.12840787584731045,1.0
humaneval_135,HumanEval/135,gpt5_model,gpt-5-mini,openai,5,5,10,0.7187314026916589,0.7187314026916589,1.0
humaneval_136,HumanEval/136,claude_model,claude-sonnet-4-6,anthropic,5,5,10,0.010883255018053007,0.010883255018053007,1.0
humaneval_136,HumanEval/136,deepseek_model,deepseek-chat,deepseek,5,5,10,1.2746745770057382,1.2746745770057382,1.0
humaneval_136,HumanEval/136,gpt5_model,gpt-5-mini,openai,5,5,10,1.285461458752382,1.285461458752382,1.0
humaneval_137,HumanEval/137,claude_model,claude-sonnet-4-6,anthropic,5,5,10,0.3120572356598815,0.3120572356598815,1.0
humaneval_137,HumanEval/137,deepseek_model,deepseek-chat,deepseek,5,5,10,0.3859768471688867,0.3859768471688867,1.0
humaneval_137,HumanEval/137,gpt5_model,gpt-5-mini,openai,5,5,10,1.3868683197356608,1.3868683197356608,1.0
humaneval_138,HumanEval/138,claude_model,claude-sonnet-4-6,anthropic,5,5,10,1.4345328732913258,1.4345328732913258,1.0
humaneval_138,HumanEval/138,deepseek_model,deepseek-chat,deepseek,5,5,10,2.0518597216518466,2.0518597216518466,1.0
humaneval_138,HumanEval/138,gpt5_model,gpt-5-mini,openai,5,5,10,1.2797732056705513,1.2797732056705513,1.0
humaneval_139,HumanEval/139,claude_model,claude-sonnet-4-6,anthropic,5,5,10,0.9275184072558064,0.9275184072558064,1.0
humaneval_139,HumanEval/139,deepseek_model,deepseek-chat,deepseek,5,5,10,0.3397031501673194,0.3397031501673194,1.0
humaneval_139,HumanEval/139,gpt5_model,gpt-5-mini,openai,5,5,10,0.6040787783308139,0.6040787783308139,1.0
humaneval_140,HumanEval/140,claude_model,claude-sonnet-4-6,anthropic,5,5,10,1.398717174559626,1.398717174559626,1.0
humaneval_140,HumanEval/140,deepseek_model,deepseek-chat,deepseek,5,5,10,1.575016309340384,1.575016309340384,1.0
humaneval_140,HumanEval/140,gpt5_model,gpt-5-mini,openai,5,5,10,2.027993847786674,2.027993847786674,0.68
humaneval_141,HumanEval/141,claude_model,claude-sonnet-4-6,anthropic,5,5,10,0.7344434877488476,0.7344434877488476,1.0
humaneval_141,HumanEval/141,deepseek_model,deepseek-chat,deepseek,5,5,10,0.5424846232133756,0.5424846232133756,1.0
humaneval_141,HumanEval/141,gpt5_model,gpt-5-mini,openai,5,5,10,0.8369570190321955,0.8369570190321955,1.0
humaneval_142,HumanEval/142,claude_model,claude-sonnet-4-6,anthropic,5,5,10,0.2919810060264515,0.2919810060264515,1.0
humaneval_142,HumanEval/142,deepseek_model,deepseek-chat,deepseek,5,5,10,0.34527444800331963,0.34527444800331963,1.0
humaneval_142,HumanEval/142,gpt5_model,gpt-5-mini,openai,5,5,10,0.28234819675483347,0.28234819675483347,1.0
humaneval_143,HumanEval/143,claude_model,claude-sonnet-4-6,anthropic,5,5,10,1.1004138159240247,1.1004138159240247,1.0
humaneval_143,HumanEval/143,deepseek_model,deepseek-chat,deepseek,5,5,10,0.7604166587645282,0.7604166587645282,1.0
humaneval_143,HumanEval/143,gpt5_model,gpt-5-mini,openai,5,5,10,0.8040984256436348,0.8040984256436348,1.0
humaneval_144,HumanEval/144,claude_model,claude-sonnet-4-6,anthropic,5,5,10,0.5102485884189942,0.5102485884189942,1.0
humaneval_144,HumanEval/144,deepseek_model,deepseek-chat,deepseek,5,5,10,0.4165085926624614,0.4165085926624614,1.0
humaneval_144,HumanEval/144,gpt5_model,gpt-5-mini,openai,5,5,10,1.8639727868092817,1.8639727868092817,1.0
humaneval_145,HumanEval/145,claude_model,claude-sonnet-4-6,anthropic,5,5,10,0.715598789091475,0.715598789091475,1.0
humaneval_145,HumanEval/145,deepseek_model,deepseek-chat,deepseek,5,5,10,0.5509818088157823,0.5509818088157823,0.0
humaneval_145,HumanEval/145,gpt5_model,gpt-5-mini,openai,5,5,10,0.936274856868701,0.936274856868701,0.0
humaneval_146,HumanEval/146,claude_model,claude-sonnet-4-6,anthropic,5,5,10,0.5274726593205028,0.5274726593205028,1.0
humaneval_146,HumanEval/146,deepseek_model,deepseek-chat,deepseek,5,5,10,1.245160567044455,1.245160567044455,0.4
humaneval_146,HumanEval/146,gpt5_model,gpt-5-mini,openai,5,5,10,1.4867044277289485,1.4867044277289485,1.0
humaneval_147,HumanEval/147,claude_model,claude-sonnet-4-6,anthropic,5,5,10,1.5680305091593374,1.5680305091593374,1.0
humaneval_147,HumanEval/147,deepseek_model,deepseek-chat,deepseek,5,5,10,0.5684742836998068,0.5684742836998068,1.0
humaneval_147,HumanEval/147,gpt5_model,gpt-5-mini,openai,5,5,10,1.0678306841281269,1.0678306841281269,0.88
humaneval_148,HumanEval/148,claude_model,claude-sonnet-4-6,anthropic,5,5,10,0.3500232721291072,0.3500232721291072,1.0
humaneval_148,HumanEval/148,deepseek_model,deepseek-chat,deepseek,5,5,10,0.6711929306905791,0.6711929306905791,1.0
humaneval_148,HumanEval/148,gpt5_model,gpt-5-mini,openai,5,5,10,0.29147066755859674,0.29147066755859674,1.0
humaneval_149,HumanEval/149,claude_model,claude-sonnet-4-6,anthropic,5,5,10,0.040756308757256755,0.040756308757256755,1.0
humaneval_149,HumanEval/149,deepseek_model,deepseek-chat,deepseek,5,5,10,0.0,0.0,1.0
humaneval_149,HumanEval/149,gpt5_model,gpt-5-mini,openai,5,5,10,0.12049602244156929,0.12049602244156929,1.0
humaneval_150,HumanEval/150,claude_model,claude-sonnet-4-6,anthropic,5,5,10,1.1334174835226434,1.1334174835226434,1.0
humaneval_150,HumanEval/150,deepseek_model,deepseek-chat,deepseek,5,5,10,0.7936127616210622,0.7936127616210622,1.0
humaneval_150,HumanEval/150,gpt5_model,gpt-5-mini,openai,5,5,10,0.8953282561398581,0.8953282561398581,1.0
humaneval_151,HumanEval/151,claude_model,claude-sonnet-4-6,anthropic,5,5,10,2.645273713467785,2.645273713467785,1.0
humaneval_151,HumanEval/151,deepseek_model,deepseek-chat,deepseek,5,5,10,1.2340676396356511,1.2340676396356511,1.0
humaneval_151,HumanEval/151,gpt5_model,gpt-5-mini,openai,5,5,10,0.9718628528190024,0.9718628528190024,1.0
humaneval_152,HumanEval/152,claude_model,claude-sonnet-4-6,anthropic,5,5,10,0.0,0.0,1.0
humaneval_152,HumanEval/152,deepseek_model,deepseek-chat,deepseek,5,5,10,0.8989853803040028,0.8989853803040028,1.0
humaneval_152,HumanEval/152,gpt5_model,gpt-5-mini,openai,5,5,10,1.1008742800214175,1.1008742800214175,1.0
humaneval_153,HumanEval/153,claude_model,claude-sonnet-4-6,anthropic,5,5,10,2.269816395148134,2.269816395148134,1.0
humaneval_153,HumanEval/153,deepseek_model,deepseek-chat,deepseek,5,5,10,0.48620144916340136,0.48620144916340136,1.0
humaneval_153,HumanEval/153,gpt5_model,gpt-5-mini,openai,5,5,10,1.0596964616269455,1.0596964616269455,1.0
humaneval_154,HumanEval/154,claude_model,claude-sonnet-4-6,anthropic,5,5,10,1.4356364370755974,1.4356364370755974,1.0
humaneval_154,HumanEval/154,deepseek_model,deepseek-chat,deepseek,5,5,10,0.6200424566624163,0.6200424566624163,0.64
humaneval_154,HumanEval/154,gpt5_model,gpt-5-mini,openai,5,5,10,0.5553691991970947,0.5553691991970947,1.0
humaneval_155,HumanEval/155,claude_model,claude-sonnet-4-6,anthropic,5,5,10,1.241041734792755,1.241041734792755,1.0
humaneval_155,HumanEval/155,deepseek_model,deepseek-chat,deepseek,5,5,10,0.5066837750088107,0.5066837750088107,1.0
humaneval_155,HumanEval/155,gpt5_model,gpt-5-mini,openai,5,5,10,1.2163056302616593,1.2163056302616593,1.0
humaneval_156,HumanEval/156,claude_model,claude-sonnet-4-6,anthropic,5,5,10,0.23984520375124188,0.23984520375124188,1.0
humaneval_156,HumanEval/156,deepseek_model,deepseek-chat,deepseek,5,5,10,0.4745228846197797,0.4745228846197797,1.0
humaneval_156,HumanEval/156,gpt5_model,gpt-5-mini,openai,5,5,10,0.7108169960162732,0.7108169960162732,1.0
humaneval_157,HumanEval/157,claude_model,claude-sonnet-4-6,anthropic,5,5,10,1.2891401132098,1.2891401132098,1.0
humaneval_157,HumanEval/157,deepseek_model,deepseek-chat,deepseek,5,5,10,0.18974478384637253,0.18974478384637253,1.0
humaneval_157,HumanEval/157,gpt5_model,gpt-5-mini,openai,5,5,10,0.363155244697512,0.363155244697512,1.0
humaneval_158,HumanEval/158,claude_model,claude-sonnet-4-6,anthropic,5,5,10,1.835468735861981,1.835468735861981,1.0
humaneval_158,HumanEval/158,deepseek_model,deepseek-chat,deepseek,5,5,10,2.1709761656930633,2.1709761656930633,1.0
humaneval_158,HumanEval/158,gpt5_model,gpt-5-mini,openai,5,5,10,0.6728407851979687,0.6728407851979687,1.0
humaneval_159,HumanEval/159,claude_model,claude-sonnet-4-6,anthropic,5,5,10,0.6031654688409256,0.6031654688409256,1.0
humaneval_159,HumanEval/159,deepseek_model,deepseek-chat,deepseek,5,5,10,0.21186514035892623,0.21186514035892623,1.0
humaneval_159,HumanEval/159,gpt5_model,gpt-5-mini,openai,5,5,10,0.9720383977045575,0.9720383977045575,1.0
humaneval_160,HumanEval/160,claude_model,claude-sonnet-4-6,anthropic,5,5,10,0.5541881685107352,0.5541881685107352,1.0
humaneval_160,HumanEval/160,deepseek_model,deepseek-chat,deepseek,5,5,10,0.19271595246469578,0.19271595246469578,0.0
humaneval_160,HumanEval/160,gpt5_model,gpt-5-mini,openai,5,5,10,2.1942925983445813,2.1942925983445813,0.72
humaneval_161,HumanEval/161,claude_model,claude-sonnet-4-6,anthropic,5,5,10,0.7481683346705952,0.7481683346705952,1.0
humaneval_161,HumanEval/161,deepseek_model,deepseek-chat,deepseek,5,5,10,0.6606559572288551,0.6606559572288551,1.0
humaneval_161,HumanEval/161,gpt5_model,gpt-5-mini,openai,5,5,10,1.2203523183955647,1.2203523183955647,1.0
humaneval_162,HumanEval/162,claude_model,claude-sonnet-4-6,anthropic,5,5,10,0.4107212997375392,0.4107212997375392,1.0
humaneval_162,HumanEval/162,deepseek_model,deepseek-chat,deepseek,5,5,10,0.3037277792955503,0.3037277792955503,1.0
humaneval_162,HumanEval/162,gpt5_model,gpt-5-mini,openai,5,5,10,0.621372837858945,0.621372837858945,1.0
humaneval_163,HumanEval/163,claude_model,claude-sonnet-4-6,anthropic,5,5,10,0.7521234707249445,0.7521234707249445,1.0
humaneval_163,HumanEval/163,deepseek_model,deepseek-chat,deepseek,5,5,10,0.6723346993878623,0.6723346993878623,0.0
humaneval_163,HumanEval/163,gpt5_model,gpt-5-mini,openai,5,5,10,0.9538353071368644,0.9538353071368644,0.88
