problem_id,task_id,model_name,model_id,provider,num_samples,num_valid_vectors,structural_variance,sds,success_rate
humaneval_000,HumanEval/0,claude_model,claude-sonnet-4-6,anthropic,25,25,0.04621761142635192,0.4367679269705259,1.0
humaneval_000,HumanEval/0,deepseek_model,deepseek-chat,deepseek,25,25,0.027664916976887832,0.30189527038688574,1.0
humaneval_000,HumanEval/0,gpt5_model,gpt-5-mini,openai,25,25,0.1379927797881216,0.7340939561531091,1.0
humaneval_001,HumanEval/1,claude_model,claude-sonnet-4-6,anthropic,25,25,0.07756389172834999,0.5127214026187525,1.0
humaneval_001,HumanEval/1,deepseek_model,deepseek-chat,deepseek,25,25,0.08107613074522277,0.6310705840910953,1.0
humaneval_001,HumanEval/1,gpt5_model,gpt-5-mini,openai,25,25,0.13936426738601096,0.721923327282662,1.0
humaneval_002,HumanEval/2,claude_model,claude-sonnet-4-6,anthropic,25,25,0.06978463027241084,0.5592751135075459,1.0
humaneval_002,HumanEval/2,deepseek_model,deepseek-chat,deepseek,25,25,0.024972176501015568,0.28201262086582146,1.0
humaneval_002,HumanEval/2,gpt5_model,gpt-5-mini,openai,25,25,0.19657825100909693,0.9145360359392669,1.0
humaneval_003,HumanEval/3,claude_model,claude-sonnet-4-6,anthropic,25,25,0.000977589947785617,0.055931098978242576,1.0
humaneval_003,HumanEval/3,deepseek_model,deepseek-chat,deepseek,25,25,6.162975822039155e-34,5.551115123125783e-17,1.0
humaneval_003,HumanEval/3,gpt5_model,gpt-5-mini,openai,25,25,0.31155354993604983,1.0837793307816384,1.0
humaneval_004,HumanEval/4,claude_model,claude-sonnet-4-6,anthropic,25,25,0.10126248491622894,0.674232924799091,1.0
humaneval_004,HumanEval/4,deepseek_model,deepseek-chat,deepseek,25,25,0.17531600725126498,0.908920760314758,1.0
humaneval_004,HumanEval/4,gpt5_model,gpt-5-mini,openai,25,25,0.33338815998099225,1.2419083408676046,1.0
humaneval_005,HumanEval/5,claude_model,claude-sonnet-4-6,anthropic,25,25,0.00015054073261456423,0.026881136816546806,1.0
humaneval_005,HumanEval/5,deepseek_model,deepseek-chat,deepseek,25,25,0.05472753553708781,0.4937306375411049,1.0
humaneval_005,HumanEval/5,gpt5_model,gpt-5-mini,openai,25,25,0.10780738485584333,0.7038243023166614,1.0
humaneval_006,HumanEval/6,claude_model,claude-sonnet-4-6,anthropic,25,25,0.37955629628947013,1.3488860486423737,1.0
humaneval_006,HumanEval/6,deepseek_model,deepseek-chat,deepseek,25,25,0.00027621498617756647,0.02016403877335533,1.0
humaneval_006,HumanEval/6,gpt5_model,gpt-5-mini,openai,25,25,0.05253531824611287,0.43082806738489937,1.0
humaneval_007,HumanEval/7,claude_model,claude-sonnet-4-6,anthropic,25,25,0.08567271375278887,0.5238908627503366,1.0
humaneval_007,HumanEval/7,deepseek_model,deepseek-chat,deepseek,25,25,0.1035198347855129,0.6460371639493353,1.0
humaneval_007,HumanEval/7,gpt5_model,gpt-5-mini,openai,25,25,0.2641169936405319,1.0555974069832574,1.0
humaneval_008,HumanEval/8,claude_model,claude-sonnet-4-6,anthropic,25,25,0.07982621958175957,0.5057196688429221,1.0
humaneval_008,HumanEval/8,deepseek_model,deepseek-chat,deepseek,25,25,0.04652377533306318,0.4716126349014075,1.0
humaneval_008,HumanEval/8,gpt5_model,gpt-5-mini,openai,25,25,0.10363512701318847,0.6729473931477123,1.0
humaneval_009,HumanEval/9,claude_model,claude-sonnet-4-6,anthropic,25,25,0.07551320815958829,0.491230150455176,1.0
humaneval_009,HumanEval/9,deepseek_model,deepseek-chat,deepseek,25,25,0.00012924483726793485,0.020297522147690764,1.0
humaneval_009,HumanEval/9,gpt5_model,gpt-5-mini,openai,25,25,0.06703764447857899,0.47196512105327443,1.0
humaneval_010,HumanEval/10,claude_model,claude-sonnet-4-6,anthropic,25,25,0.01792821762062692,0.23952097274770356,1.0
humaneval_010,HumanEval/10,deepseek_model,deepseek-chat,deepseek,25,25,0.027347525563962166,0.3650765051490288,0.92
humaneval_010,HumanEval/10,gpt5_model,gpt-5-mini,openai,25,25,0.09483735732997045,0.6594908913190584,1.0
humaneval_011,HumanEval/11,claude_model,claude-sonnet-4-6,anthropic,25,25,0.03950411832298317,0.4356534432908308,1.0
humaneval_011,HumanEval/11,deepseek_model,deepseek-chat,deepseek,25,25,0.032965137127544966,0.34261396880498185,1.0
humaneval_011,HumanEval/11,gpt5_model,gpt-5-mini,openai,25,25,0.31350744419550824,1.158406034847543,1.0
humaneval_012,HumanEval/12,claude_model,claude-sonnet-4-6,anthropic,25,25,0.3357850806128356,1.2791381856998818,1.0
humaneval_012,HumanEval/12,deepseek_model,deepseek-chat,deepseek,25,25,0.05240838948767927,0.4412122392984454,1.0
humaneval_012,HumanEval/12,gpt5_model,gpt-5-mini,openai,25,25,0.07170234054040411,0.521065225678537,1.0
humaneval_013,HumanEval/13,claude_model,claude-sonnet-4-6,anthropic,25,25,0.07376677217638641,0.532455470428845,1.0
humaneval_013,HumanEval/13,deepseek_model,deepseek-chat,deepseek,25,25,0.016768920002147705,0.2751203022223134,1.0
humaneval_013,HumanEval/13,gpt5_model,gpt-5-mini,openai,25,25,0.30131614194921,1.0940570051646163,1.0
humaneval_014,HumanEval/14,claude_model,claude-sonnet-4-6,anthropic,25,25,0.057343155658761545,0.517443135793204,1.0
humaneval_014,HumanEval/14,deepseek_model,deepseek-chat,deepseek,25,25,0.06650182895723936,0.5649856449457357,1.0
humaneval_014,HumanEval/14,gpt5_model,gpt-5-mini,openai,25,25,0.16864220353427528,0.9016420349633689,1.0
humaneval_015,HumanEval/15,claude_model,claude-sonnet-4-6,anthropic,25,25,0.09828919461695401,0.6495928659292829,1.0
humaneval_015,HumanEval/15,deepseek_model,deepseek-chat,deepseek,25,25,0.00019318754015995913,0.02654709299534567,1.0
humaneval_015,HumanEval/15,gpt5_model,gpt-5-mini,openai,25,25,0.11818794158488662,0.6996277133711502,1.0
humaneval_016,HumanEval/16,claude_model,claude-sonnet-4-6,anthropic,25,25,0.08492380253231349,0.568327768094272,1.0
humaneval_016,HumanEval/16,deepseek_model,deepseek-chat,deepseek,25,25,0.0010165623987133496,0.06402171187661437,1.0
humaneval_016,HumanEval/16,gpt5_model,gpt-5-mini,openai,25,25,0.16534035750315418,0.8784887728183047,1.0
humaneval_017,HumanEval/17,claude_model,claude-sonnet-4-6,anthropic,25,25,0.11735400167785359,0.6195794714595626,1.0
humaneval_017,HumanEval/17,deepseek_model,deepseek-chat,deepseek,25,25,0.472767170110101,1.3839454893001903,1.0
humaneval_017,HumanEval/17,gpt5_model,gpt-5-mini,openai,25,25,0.9110866425666876,1.7926772221703176,0.96
humaneval_018,HumanEval/18,claude_model,claude-sonnet-4-6,anthropic,25,25,0.12829152348324654,0.7345227390164175,1.0
humaneval_018,HumanEval/18,deepseek_model,deepseek-chat,deepseek,25,25,0.028590879940041135,0.34923499910864175,1.0
humaneval_018,HumanEval/18,gpt5_model,gpt-5-mini,openai,25,25,0.4149790571019209,1.2733912675614618,1.0
humaneval_019,HumanEval/19,claude_model,claude-sonnet-4-6,anthropic,25,25,0.1453259831994059,0.7165052883658808,1.0
humaneval_019,HumanEval/19,deepseek_model,deepseek-chat,deepseek,25,25,0.00029860186604569974,0.03321678990728238,1.0
humaneval_019,HumanEval/19,gpt5_model,gpt-5-mini,openai,25,25,0.2238728327002033,0.9741096121804328,1.0
humaneval_020,HumanEval/20,claude_model,claude-sonnet-4-6,anthropic,25,25,0.056936207868796315,0.5255257417104429,1.0
humaneval_020,HumanEval/20,deepseek_model,deepseek-chat,deepseek,25,25,0.029424953134004367,0.2505509093547833,1.0
humaneval_020,HumanEval/20,gpt5_model,gpt-5-mini,openai,25,25,0.10804523040409197,0.6164832846818622,1.0
humaneval_021,HumanEval/21,claude_model,claude-sonnet-4-6,anthropic,25,25,0.0003117630669027421,0.03280068846735227,1.0
humaneval_021,HumanEval/21,deepseek_model,deepseek-chat,deepseek,25,25,0.00028536340241234413,0.02916399318499728,1.0
humaneval_021,HumanEval/21,gpt5_model,gpt-5-mini,openai,25,25,0.329630883885646,1.0844001123073306,1.0
humaneval_022,HumanEval/22,claude_model,claude-sonnet-4-6,anthropic,25,25,0.07983836006977182,0.5342725996118824,1.0
humaneval_022,HumanEval/22,deepseek_model,deepseek-chat,deepseek,25,25,0.07423185143795877,0.4873827290758959,1.0
humaneval_022,HumanEval/22,gpt5_model,gpt-5-mini,openai,25,25,0.10761028026429802,0.6401897312803173,1.0
humaneval_023,HumanEval/23,claude_model,claude-sonnet-4-6,anthropic,25,25,0.047069663117930205,0.47532555471599136,1.0
humaneval_023,HumanEval/23,deepseek_model,deepseek-chat,deepseek,25,25,0.047069663117930205,0.47532555471599136,1.0
humaneval_023,HumanEval/23,gpt5_model,gpt-5-mini,openai,25,25,0.15698418808787343,0.7524856532671272,1.0
humaneval_024,HumanEval/24,claude_model,claude-sonnet-4-6,anthropic,25,25,0.042872379011795574,0.38353512170491344,1.0
humaneval_024,HumanEval/24,deepseek_model,deepseek-chat,deepseek,25,25,0.02111190449903645,0.2358716830407452,1.0
humaneval_024,HumanEval/24,gpt5_model,gpt-5-mini,openai,25,25,0.1577053125267273,0.7918515924368549,0.88
humaneval_025,HumanEval/25,claude_model,claude-sonnet-4-6,anthropic,25,25,0.0005295924889078357,0.03870794265486057,1.0
humaneval_025,HumanEval/25,deepseek_model,deepseek-chat,deepseek,25,25,0.005278830536917922,0.10648112300905417,1.0
humaneval_025,HumanEval/25,gpt5_model,gpt-5-mini,openai,25,25,0.09721082922805181,0.6500022947121018,1.0
humaneval_026,HumanEval/26,claude_model,claude-sonnet-4-6,anthropic,25,25,0.18580803015155062,0.7714535598755006,1.0
humaneval_026,HumanEval/26,deepseek_model,deepseek-chat,deepseek,25,25,0.20986928654844342,0.9834048327796414,1.0
humaneval_026,HumanEval/26,gpt5_model,gpt-5-mini,openai,25,25,0.1595588732082465,0.8601083878492425,1.0
humaneval_027,HumanEval/27,claude_model,claude-sonnet-4-6,anthropic,25,25,0.345271753970526,1.2884325778253345,1.0
humaneval_027,HumanEval/27,deepseek_model,deepseek-chat,deepseek,25,25,0.4375199178807102,1.437663395159892,1.0
humaneval_027,HumanEval/27,gpt5_model,gpt-5-mini,openai,25,24,0.5842342383034496,1.634617253830467,0.96
humaneval_028,HumanEval/28,claude_model,claude-sonnet-4-6,anthropic,25,25,0.05233381596471719,0.5012877485685542,1.0
humaneval_028,HumanEval/28,deepseek_model,deepseek-chat,deepseek,25,25,0.04807012727591025,0.45738517018456276,1.0
humaneval_028,HumanEval/28,gpt5_model,gpt-5-mini,openai,25,25,0.2349688660724886,0.9616703824229931,1.0
humaneval_029,HumanEval/29,claude_model,claude-sonnet-4-6,anthropic,25,25,0.07315545056927988,0.4838702274570524,1.0
humaneval_029,HumanEval/29,deepseek_model,deepseek-chat,deepseek,25,25,0.07053890135220295,0.4750181423503513,1.0
humaneval_029,HumanEval/29,gpt5_model,gpt-5-mini,openai,25,25,0.3112110123287461,1.2009695149780426,1.0
humaneval_030,HumanEval/30,claude_model,claude-sonnet-4-6,anthropic,25,25,0.11351688808420128,0.6022301995431791,1.0
humaneval_030,HumanEval/30,deepseek_model,deepseek-chat,deepseek,25,25,0.10338390594257456,0.5757477722713099,1.0
humaneval_030,HumanEval/30,gpt5_model,gpt-5-mini,openai,25,25,0.8196075663020821,1.7438867480713955,1.0
humaneval_031,HumanEval/31,claude_model,claude-sonnet-4-6,anthropic,25,25,0.09344371204950305,0.589216195491565,1.0
humaneval_031,HumanEval/31,deepseek_model,deepseek-chat,deepseek,25,25,0.00015726553746799943,0.018224840606502292,1.0
humaneval_031,HumanEval/31,gpt5_model,gpt-5-mini,openai,25,25,0.16952441695248202,0.8732860358784132,1.0
humaneval_032,HumanEval/32,claude_model,claude-sonnet-4-6,anthropic,25,25,0.03059325410534519,0.3342524852267541,0.36
humaneval_032,HumanEval/32,deepseek_model,deepseek-chat,deepseek,25,25,0.7552762013628855,1.5568772096460166,0.8
humaneval_032,HumanEval/32,gpt5_model,gpt-5-mini,openai,25,25,2.934727976450538,3.4025335462886157,0.84
humaneval_033,HumanEval/33,claude_model,claude-sonnet-4-6,anthropic,25,25,0.011423220589118278,0.19141901398041136,1.0
humaneval_033,HumanEval/33,deepseek_model,deepseek-chat,deepseek,25,25,0.018285161027677313,0.23641272445378597,1.0
humaneval_033,HumanEval/33,gpt5_model,gpt-5-mini,openai,25,25,0.048938394693407196,0.4330012620474224,1.0
humaneval_034,HumanEval/34,claude_model,claude-sonnet-4-6,anthropic,25,25,0.11840879158563763,0.6580087253399786,1.0
humaneval_034,HumanEval/34,deepseek_model,deepseek-chat,deepseek,25,25,0.07877518885652639,0.49900625065146514,1.0
humaneval_034,HumanEval/34,gpt5_model,gpt-5-mini,openai,25,25,0.4151126838423632,1.243382347935763,1.0
humaneval_035,HumanEval/35,claude_model,claude-sonnet-4-6,anthropic,25,25,0.14426283982799035,0.7907392632894529,1.0
humaneval_035,HumanEval/35,deepseek_model,deepseek-chat,deepseek,25,25,0.1477132797508961,0.8234611072706626,1.0
humaneval_035,HumanEval/35,gpt5_model,gpt-5-mini,openai,25,25,0.1599768139829734,0.787735888039235,1.0
humaneval_036,HumanEval/36,claude_model,claude-sonnet-4-6,anthropic,25,25,0.00040081072837182166,0.04185788198088678,1.0
humaneval_036,HumanEval/36,deepseek_model,deepseek-chat,deepseek,25,25,0.033333687747008754,0.223559036956944,1.0
humaneval_036,HumanEval/36,gpt5_model,gpt-5-mini,openai,25,25,0.7562672236540171,1.7523401760150543,1.0
humaneval_037,HumanEval/37,claude_model,claude-sonnet-4-6,anthropic,25,25,0.00013777829301441652,0.019362803141980037,1.0
humaneval_037,HumanEval/37,deepseek_model,deepseek-chat,deepseek,25,25,0.030976305053963697,0.35781687585297495,1.0
humaneval_037,HumanEval/37,gpt5_model,gpt-5-mini,openai,25,25,0.0776342738634766,0.5838973084033289,1.0
humaneval_038,HumanEval/38,claude_model,claude-sonnet-4-6,anthropic,25,25,7.52704932416077e-06,0.004907805806805543,1.0
humaneval_038,HumanEval/38,deepseek_model,deepseek-chat,deepseek,25,25,0.25997031859510467,0.9738558394111171,0.76
humaneval_038,HumanEval/38,gpt5_model,gpt-5-mini,openai,25,25,0.19382391390931672,0.8424272846243838,1.0
humaneval_039,HumanEval/39,claude_model,claude-sonnet-4-6,anthropic,25,25,0.5157065794725454,1.4653865521976885,0.6
humaneval_039,HumanEval/39,deepseek_model,deepseek-chat,deepseek,25,25,0.04334274205907211,0.3628868695315937,1.0
humaneval_039,HumanEval/39,gpt5_model,gpt-5-mini,openai,25,25,1.2991962727310207,2.14861059769934,1.0
humaneval_040,HumanEval/40,claude_model,claude-sonnet-4-6,anthropic,25,25,0.10111412539307882,0.6303730034450958,1.0
humaneval_040,HumanEval/40,deepseek_model,deepseek-chat,deepseek,25,25,0.14064922825010337,0.7615268603998621,1.0
humaneval_040,HumanEval/40,gpt5_model,gpt-5-mini,openai,25,25,0.04849003418330929,0.41745152399006935,1.0
humaneval_041,HumanEval/41,claude_model,claude-sonnet-4-6,anthropic,25,25,0.06205335662555282,0.4282423900580772,1.0
humaneval_041,HumanEval/41,deepseek_model,deepseek-chat,deepseek,25,25,0.0063266304408801655,0.1765718970070194,1.0
humaneval_041,HumanEval/41,gpt5_model,gpt-5-mini,openai,25,20,0.2533940072352701,1.0847180988271876,0.8
humaneval_042,HumanEval/42,claude_model,claude-sonnet-4-6,anthropic,25,25,0.05064020831660282,0.4209785927113564,1.0
humaneval_042,HumanEval/42,deepseek_model,deepseek-chat,deepseek,25,25,0.043377200226054916,0.374395466676617,1.0
humaneval_042,HumanEval/42,gpt5_model,gpt-5-mini,openai,25,25,0.6518637809065545,1.719700721722373,1.0
humaneval_043,HumanEval/43,claude_model,claude-sonnet-4-6,anthropic,25,25,0.08156776232742882,0.5108980714856656,1.0
humaneval_043,HumanEval/43,deepseek_model,deepseek-chat,deepseek,25,25,0.0011219919356276252,0.054917340822066917,1.0
humaneval_043,HumanEval/43,gpt5_model,gpt-5-mini,openai,25,25,0.31036309958361497,1.179690226722197,1.0
humaneval_044,HumanEval/44,claude_model,claude-sonnet-4-6,anthropic,25,25,0.03848834242528308,0.35219892872303554,1.0
humaneval_044,HumanEval/44,deepseek_model,deepseek-chat,deepseek,25,25,0.015279158278327548,0.22830116187705699,1.0
humaneval_044,HumanEval/44,gpt5_model,gpt-5-mini,openai,25,25,0.08440957942708506,0.595691073906478,1.0
humaneval_045,HumanEval/45,claude_model,claude-sonnet-4-6,anthropic,25,25,0.006980613101645487,0.1494588971097591,1.0
humaneval_045,HumanEval/45,deepseek_model,deepseek-chat,deepseek,25,25,0.0016753471443949164,0.03587013530634217,1.0
humaneval_045,HumanEval/45,gpt5_model,gpt-5-mini,openai,25,25,0.11216034050668795,0.7017602603985563,1.0
humaneval_046,HumanEval/46,claude_model,claude-sonnet-4-6,anthropic,25,25,0.20755406988792027,0.8290238960850499,1.0
humaneval_046,HumanEval/46,deepseek_model,deepseek-chat,deepseek,25,25,0.08868298892370843,0.6283353476934431,1.0
humaneval_046,HumanEval/46,gpt5_model,gpt-5-mini,openai,25,25,0.15482801867970852,0.8390676807600655,1.0
humaneval_047,HumanEval/47,claude_model,claude-sonnet-4-6,anthropic,25,25,0.06401266452551882,0.4229330802907616,1.0
humaneval_047,HumanEval/47,deepseek_model,deepseek-chat,deepseek,25,25,0.13287563181236145,0.6242591678744055,1.0
humaneval_047,HumanEval/47,gpt5_model,gpt-5-mini,openai,25,25,0.959425952311516,1.844635257102309,0.96
humaneval_048,HumanEval/48,claude_model,claude-sonnet-4-6,anthropic,25,25,0.17537874385093932,0.8491778300167008,1.0
humaneval_048,HumanEval/48,deepseek_model,deepseek-chat,deepseek,25,25,0.06861213999375808,0.57369170208868,1.0
humaneval_048,HumanEval/48,gpt5_model,gpt-5-mini,openai,25,25,0.18871470193506562,0.8915897555715937,1.0
humaneval_049,HumanEval/49,claude_model,claude-sonnet-4-6,anthropic,25,25,0.07969620804866248,0.5322570437073391,1.0
humaneval_049,HumanEval/49,deepseek_model,deepseek-chat,deepseek,25,25,0.23694494916709416,1.0877314250649088,1.0
humaneval_049,HumanEval/49,gpt5_model,gpt-5-mini,openai,25,25,0.6657132981592533,1.6161590117483038,1.0
humaneval_050,HumanEval/50,claude_model,claude-sonnet-4-6,anthropic,25,25,0.02695818605927173,0.2937110746799813,1.0
humaneval_050,HumanEval/50,deepseek_model,deepseek-chat,deepseek,25,25,2.465190328815662e-33,1.1102230246251565e-16,1.0
humaneval_050,HumanEval/50,gpt5_model,gpt-5-mini,openai,25,25,0.3744102859044296,1.2753295469980264,1.0
humaneval_051,HumanEval/51,claude_model,claude-sonnet-4-6,anthropic,25,25,0.08649679347114544,0.5471374645146319,1.0
humaneval_051,HumanEval/51,deepseek_model,deepseek-chat,deepseek,25,25,0.19972931436640345,0.9122359331263253,1.0
humaneval_051,HumanEval/51,gpt5_model,gpt-5-mini,openai,25,25,0.23808974635630925,0.9153974901314283,1.0
humaneval_052,HumanEval/52,claude_model,claude-sonnet-4-6,anthropic,25,25,0.5189421758240484,1.2883374352117432,1.0
humaneval_052,HumanEval/52,deepseek_model,deepseek-chat,deepseek,25,25,0.7979691218340321,1.982811039206166,1.0
humaneval_052,HumanEval/52,gpt5_model,gpt-5-mini,openai,25,25,0.5431104450574238,1.5816786847174233,1.0
humaneval_053,HumanEval/53,claude_model,claude-sonnet-4-6,anthropic,25,25,0.011397822579362952,0.16149935525105844,1.0
humaneval_053,HumanEval/53,deepseek_model,deepseek-chat,deepseek,25,25,2.465190328815662e-33,1.1102230246251565e-16,1.0
humaneval_053,HumanEval/53,gpt5_model,gpt-5-mini,openai,25,25,0.21174390967300213,0.8937403559192925,1.0
humaneval_054,HumanEval/54,claude_model,claude-sonnet-4-6,anthropic,25,25,0.021160979133525902,0.26022131585879527,1.0
humaneval_054,HumanEval/54,deepseek_model,deepseek-chat,deepseek,25,25,0.09151788986495757,0.37963300172695724,0.0
humaneval_054,HumanEval/54,gpt5_model,gpt-5-mini,openai,25,25,0.3713073393227471,1.1591154326110338,0.96
humaneval_055,HumanEval/55,claude_model,claude-sonnet-4-6,anthropic,25,25,0.07661795900802924,0.48419199808543334,1.0
humaneval_055,HumanEval/55,deepseek_model,deepseek-chat,deepseek,25,25,0.08676656468664312,0.6173450517102883,1.0
humaneval_055,HumanEval/55,gpt5_model,gpt-5-mini,openai,25,25,0.4314188400159945,1.3892993435708496,1.0
humaneval_056,HumanEval/56,claude_model,claude-sonnet-4-6,anthropic,25,25,0.005219464499445407,0.0992268618046435,1.0
humaneval_056,HumanEval/56,deepseek_model,deepseek-chat,deepseek,25,25,0.049177666683228025,0.43593336085493795,1.0
humaneval_056,HumanEval/56,gpt5_model,gpt-5-mini,openai,25,25,0.10783825567420213,0.6597450763726225,1.0
humaneval_057,HumanEval/57,claude_model,claude-sonnet-4-6,anthropic,25,25,0.20714141226341454,0.7826636970150942,1.0
humaneval_057,HumanEval/57,deepseek_model,deepseek-chat,deepseek,25,25,0.6426110879125101,1.5267405001497938,1.0
humaneval_057,HumanEval/57,gpt5_model,gpt-5-mini,openai,25,25,0.2655138010880386,0.9473312175804399,1.0
humaneval_058,HumanEval/58,claude_model,claude-sonnet-4-6,anthropic,25,25,0.07374261894370014,0.5140890669080387,1.0
humaneval_058,HumanEval/58,deepseek_model,deepseek-chat,deepseek,25,25,0.071453108195672,0.48935021851387384,1.0
humaneval_058,HumanEval/58,gpt5_model,gpt-5-mini,openai,25,25,0.7829480509991191,1.7559654716349848,1.0
humaneval_059,HumanEval/59,claude_model,claude-sonnet-4-6,anthropic,25,25,0.00041822604998481517,0.035439053320213736,1.0
humaneval_059,HumanEval/59,deepseek_model,deepseek-chat,deepseek,25,25,6.162975822039155e-34,5.551115123125783e-17,0.0
humaneval_059,HumanEval/59,gpt5_model,gpt-5-mini,openai,25,25,0.08702015867307374,0.6124529975381596,1.0
humaneval_060,HumanEval/60,claude_model,claude-sonnet-4-6,anthropic,25,25,0.06420456860969896,0.5556602260061045,1.0
humaneval_060,HumanEval/60,deepseek_model,deepseek-chat,deepseek,25,25,0.04384387237706712,0.3745669387527613,1.0
humaneval_060,HumanEval/60,gpt5_model,gpt-5-mini,openai,25,24,0.0791307571812384,0.5090636358565017,0.96
humaneval_061,HumanEval/61,claude_model,claude-sonnet-4-6,anthropic,25,25,0.018571391938332477,0.2505170588570262,1.0
humaneval_061,HumanEval/61,deepseek_model,deepseek-chat,deepseek,25,25,0.04814903905246676,0.4311777720848348,1.0
humaneval_061,HumanEval/61,gpt5_model,gpt-5-mini,openai,25,25,0.18648623842426476,0.9344496469183383,1.0
humaneval_062,HumanEval/62,claude_model,claude-sonnet-4-6,anthropic,25,25,0.12978011487301871,0.7356162701721677,1.0
humaneval_062,HumanEval/62,deepseek_model,deepseek-chat,deepseek,25,25,0.13371471607445015,0.7898004733565109,1.0
humaneval_062,HumanEval/62,gpt5_model,gpt-5-mini,openai,25,25,0.09893567935624852,0.6509773867873945,1.0
humaneval_063,HumanEval/63,claude_model,claude-sonnet-4-6,anthropic,25,25,0.048170145350992837,0.483761385956843,1.0
humaneval_063,HumanEval/63,deepseek_model,deepseek-chat,deepseek,25,25,0.03665973699984224,0.3467827581043771,1.0
humaneval_063,HumanEval/63,gpt5_model,gpt-5-mini,openai,25,25,1.5355526667330217,2.50199449145519,1.0
humaneval_064,HumanEval/64,claude_model,claude-sonnet-4-6,anthropic,25,25,0.596742341179106,1.6860912176251714,0.84
humaneval_064,HumanEval/64,deepseek_model,deepseek-chat,deepseek,25,25,0.014565413647382248,0.20117550248843535,1.0
humaneval_064,HumanEval/64,gpt5_model,gpt-5-mini,openai,25,25,7.377295091556779,4.05213349152584,1.0
humaneval_065,HumanEval/65,claude_model,claude-sonnet-4-6,anthropic,25,25,0.0007561400072833155,0.05034659730472641,1.0
humaneval_065,HumanEval/65,deepseek_model,deepseek-chat,deepseek,25,25,0.028408625665485143,0.32659087695166145,0.92
humaneval_065,HumanEval/65,gpt5_model,gpt-5-mini,openai,25,25,0.220010127555738,0.9701567484573058,1.0
humaneval_066,HumanEval/66,claude_model,claude-sonnet-4-6,anthropic,25,25,0.29217057038053806,1.1842376188192056,1.0
humaneval_066,HumanEval/66,deepseek_model,deepseek-chat,deepseek,25,25,0.2826606548509272,1.1632248323652088,1.0
humaneval_066,HumanEval/66,gpt5_model,gpt-5-mini,openai,25,25,0.26377188464643925,0.9908867130330243,1.0
humaneval_067,HumanEval/67,claude_model,claude-sonnet-4-6,anthropic,25,25,0.06893351094457281,0.5650300342143548,1.0
humaneval_067,HumanEval/67,deepseek_model,deepseek-chat,deepseek,25,25,0.06998657650345229,0.5876267695536143,1.0
humaneval_067,HumanEval/67,gpt5_model,gpt-5-mini,openai,25,25,0.503748003397466,1.376530709204542,1.0
humaneval_068,HumanEval/68,claude_model,claude-sonnet-4-6,anthropic,25,25,0.14180688353245122,0.7995172815164004,1.0
humaneval_068,HumanEval/68,deepseek_model,deepseek-chat,deepseek,25,25,0.0436400726835266,0.4296229677027928,1.0
humaneval_068,HumanEval/68,gpt5_model,gpt-5-mini,openai,25,25,0.174086268001956,0.8477402931126012,1.0
humaneval_069,HumanEval/69,claude_model,claude-sonnet-4-6,anthropic,25,25,0.054838336826279456,0.4733655200265489,1.0
humaneval_069,HumanEval/69,deepseek_model,deepseek-chat,deepseek,25,25,0.02319355613202735,0.2929722334048993,1.0
humaneval_069,HumanEval/69,gpt5_model,gpt-5-mini,openai,25,25,0.1721461258361617,0.8720670074978585,1.0
humaneval_070,HumanEval/70,claude_model,claude-sonnet-4-6,anthropic,25,25,0.18343301423264927,0.6675739771879156,1.0
humaneval_070,HumanEval/70,deepseek_model,deepseek-chat,deepseek,25,25,0.04711399317856041,0.422625034496061,1.0
humaneval_070,HumanEval/70,gpt5_model,gpt-5-mini,openai,25,25,0.08388942933385907,0.5669004273832079,1.0
humaneval_071,HumanEval/71,claude_model,claude-sonnet-4-6,anthropic,25,25,0.01549583437805937,0.2597194055022242,1.0
humaneval_071,HumanEval/71,deepseek_model,deepseek-chat,deepseek,25,25,7.648867220716346e-05,0.018244963728261496,1.0
humaneval_071,HumanEval/71,gpt5_model,gpt-5-mini,openai,25,25,0.1049827018117181,0.6376131089236108,1.0
humaneval_072,HumanEval/72,claude_model,claude-sonnet-4-6,anthropic,25,25,0.5564995891177391,1.3484401368588022,1.0
humaneval_072,HumanEval/72,deepseek_model,deepseek-chat,deepseek,25,25,0.31072973691527367,1.236673569553045,1.0
humaneval_072,HumanEval/72,gpt5_model,gpt-5-mini,openai,25,25,0.40869688389107406,1.3613116767869118,1.0
humaneval_073,HumanEval/73,claude_model,claude-sonnet-4-6,anthropic,25,25,0.12323340236750376,0.6384561099431066,1.0
humaneval_073,HumanEval/73,deepseek_model,deepseek-chat,deepseek,25,25,0.15975365792077087,0.7105910131317971,0.8
humaneval_073,HumanEval/73,gpt5_model,gpt-5-mini,openai,25,25,1.1254394043208786,1.465950851329879,0.88
humaneval_074,HumanEval/74,claude_model,claude-sonnet-4-6,anthropic,25,25,0.019998751669314387,0.3098289980177922,1.0
humaneval_074,HumanEval/74,deepseek_model,deepseek-chat,deepseek,25,25,0.2827039563393009,1.0155314041061312,1.0
humaneval_074,HumanEval/74,gpt5_model,gpt-5-mini,openai,25,25,0.43964026793027894,1.3095643106824746,1.0
humaneval_075,HumanEval/75,claude_model,claude-sonnet-4-6,anthropic,25,25,0.04799195923771917,0.39159386028714394,1.0
humaneval_075,HumanEval/75,deepseek_model,deepseek-chat,deepseek,25,25,0.3732047875709384,1.1733633405703214,1.0
humaneval_075,HumanEval/75,gpt5_model,gpt-5-mini,openai,25,25,0.38806026868890325,1.2291461603923401,0.96
humaneval_076,HumanEval/76,claude_model,claude-sonnet-4-6,anthropic,25,25,0.08631130280837634,0.46291437442341166,1.0
humaneval_076,HumanEval/76,deepseek_model,deepseek-chat,deepseek,25,25,0.1335820985054325,0.7264258461164605,1.0
humaneval_076,HumanEval/76,gpt5_model,gpt-5-mini,openai,25,25,0.7628354094799559,1.8149644899435833,0.96
humaneval_077,HumanEval/77,claude_model,claude-sonnet-4-6,anthropic,25,25,0.06250786340541162,0.5405368995642781,1.0
humaneval_077,HumanEval/77,deepseek_model,deepseek-chat,deepseek,25,25,0.19222137932666303,0.9136557771181364,1.0
humaneval_077,HumanEval/77,gpt5_model,gpt-5-mini,openai,25,25,0.2556908725282604,1.0308621393698025,1.0
humaneval_078,HumanEval/78,claude_model,claude-sonnet-4-6,anthropic,25,25,0.23493722518588603,1.0615731957403605,1.0
humaneval_078,HumanEval/78,deepseek_model,deepseek-chat,deepseek,25,25,0.18389562190252834,0.8190550828243626,1.0
humaneval_078,HumanEval/78,gpt5_model,gpt-5-mini,openai,25,25,0.32964150718494556,1.1828140095154969,1.0
humaneval_079,HumanEval/79,claude_model,claude-sonnet-4-6,anthropic,25,25,0.08818127805163622,0.5756138451175239,1.0
humaneval_079,HumanEval/79,deepseek_model,deepseek-chat,deepseek,25,25,0.06671641697569534,0.531663873668181,1.0
humaneval_079,HumanEval/79,gpt5_model,gpt-5-mini,openai,25,25,0.12529095023991046,0.7037438620566759,1.0
humaneval_080,HumanEval/80,claude_model,claude-sonnet-4-6,anthropic,25,25,0.3090268418376108,1.1975615186201691,1.0
humaneval_080,HumanEval/80,deepseek_model,deepseek-chat,deepseek,25,25,3.7773702678287754e-05,0.007456734562959819,1.0
humaneval_080,HumanEval/80,gpt5_model,gpt-5-mini,openai,25,25,0.04488337278068048,0.40013253742381494,1.0
humaneval_081,HumanEval/81,claude_model,claude-sonnet-4-6,anthropic,25,25,2.300171754532424,3.3172893287178136,0.84
humaneval_081,HumanEval/81,deepseek_model,deepseek-chat,deepseek,25,25,1.5777218104420237e-31,8.881784197001252e-16,1.0
humaneval_081,HumanEval/81,gpt5_model,gpt-5-mini,openai,25,25,2.828192578410835,3.6173357233556636,0.92
humaneval_082,HumanEval/82,claude_model,claude-sonnet-4-6,anthropic,25,25,0.04394142017588415,0.3749833923826886,1.0
humaneval_082,HumanEval/82,deepseek_model,deepseek-chat,deepseek,25,25,0.21846259801377851,0.8670705999144777,1.0
humaneval_082,HumanEval/82,gpt5_model,gpt-5-mini,openai,25,25,0.17352169883638122,0.8967746525308743,1.0
humaneval_083,HumanEval/83,claude_model,claude-sonnet-4-6,anthropic,25,25,0.30555823581074193,1.1927076073079244,0.88
humaneval_083,HumanEval/83,deepseek_model,deepseek-chat,deepseek,25,25,0.09880884648567552,0.5767602582180075,0.8
humaneval_083,HumanEval/83,gpt5_model,gpt-5-mini,openai,25,25,0.11325834216706843,0.6932748360987055,1.0
humaneval_084,HumanEval/84,claude_model,claude-sonnet-4-6,anthropic,25,25,0.19476255041520005,0.9479310346455553,0.6
humaneval_084,HumanEval/84,deepseek_model,deepseek-chat,deepseek,25,25,0.07473859890207642,0.3593250960618151,1.0
humaneval_084,HumanEval/84,gpt5_model,gpt-5-mini,openai,25,25,0.4746663954545469,1.441700532515683,0.88
humaneval_085,HumanEval/85,claude_model,claude-sonnet-4-6,anthropic,25,25,0.11511181616368807,0.6022132536262381,1.0
humaneval_085,HumanEval/85,deepseek_model,deepseek-chat,deepseek,25,25,0.12378253044577411,0.6624089214723264,1.0
humaneval_085,HumanEval/85,gpt5_model,gpt-5-mini,openai,25,25,0.2571324775416782,1.0042598496862347,1.0
humaneval_086,HumanEval/86,claude_model,claude-sonnet-4-6,anthropic,25,25,0.07861082262607119,0.5833647174882356,1.0
humaneval_086,HumanEval/86,deepseek_model,deepseek-chat,deepseek,25,25,0.03791699423768929,0.3729720126523428,1.0
humaneval_086,HumanEval/86,gpt5_model,gpt-5-mini,openai,25,25,0.5114466707437895,1.4223002215025202,1.0
humaneval_087,HumanEval/87,claude_model,claude-sonnet-4-6,anthropic,25,25,0.0447466782652616,0.4360590944366867,1.0
humaneval_087,HumanEval/87,deepseek_model,deepseek-chat,deepseek,25,25,6.162975822039155e-34,5.551115123125783e-17,1.0
humaneval_087,HumanEval/87,gpt5_model,gpt-5-mini,openai,25,25,0.13588689242691177,0.7697320298688358,1.0
humaneval_088,HumanEval/88,claude_model,claude-sonnet-4-6,anthropic,25,25,0.13666257025551312,0.7505050421444583,1.0
humaneval_088,HumanEval/88,deepseek_model,deepseek-chat,deepseek,25,25,0.027363858049710726,0.31664645366354266,1.0
humaneval_088,HumanEval/88,gpt5_model,gpt-5-mini,openai,25,25,0.12120769448389632,0.6952420273939174,1.0
humaneval_089,HumanEval/89,claude_model,claude-sonnet-4-6,anthropic,25,25,0.058162369072724804,0.47841206480021986,1.0
humaneval_089,HumanEval/89,deepseek_model,deepseek-chat,deepseek,25,25,0.06842925710520646,0.5807059316163884,1.0
humaneval_089,HumanEval/89,gpt5_model,gpt-5-mini,openai,25,25,0.677103243677488,1.7584163027333946,1.0
humaneval_090,HumanEval/90,claude_model,claude-sonnet-4-6,anthropic,25,25,0.2344546188997992,1.0535916431501804,1.0
humaneval_090,HumanEval/90,deepseek_model,deepseek-chat,deepseek,25,25,0.20946229029183647,1.0114245875168815,1.0
humaneval_090,HumanEval/90,gpt5_model,gpt-5-mini,openai,25,25,0.13975398030331193,0.8124126563916277,1.0
humaneval_091,HumanEval/91,claude_model,claude-sonnet-4-6,anthropic,25,25,0.3054735473652245,1.0615207000244542,1.0
humaneval_091,HumanEval/91,deepseek_model,deepseek-chat,deepseek,25,25,0.16715267636409076,0.6466374261548345,1.0
humaneval_091,HumanEval/91,gpt5_model,gpt-5-mini,openai,25,25,0.15545248925996852,0.8222868863100433,1.0
humaneval_092,HumanEval/92,claude_model,claude-sonnet-4-6,anthropic,25,25,0.11085812767921188,0.6910275837573673,1.0
humaneval_092,HumanEval/92,deepseek_model,deepseek-chat,deepseek,25,25,0.039256655911019525,0.27316844855496397,1.0
humaneval_092,HumanEval/92,gpt5_model,gpt-5-mini,openai,25,25,0.587381741452426,1.6673125593848193,0.76
humaneval_093,HumanEval/93,claude_model,claude-sonnet-4-6,anthropic,25,25,0.04773191237224624,0.4462493054305301,1.0
humaneval_093,HumanEval/93,deepseek_model,deepseek-chat,deepseek,25,25,0.29149239591799425,1.1537203163958676,0.88
humaneval_093,HumanEval/93,gpt5_model,gpt-5-mini,openai,25,25,0.6105966432852862,1.7232170276967693,0.84
humaneval_094,HumanEval/94,claude_model,claude-sonnet-4-6,anthropic,25,25,0.06713371229258153,0.46658560164013596,1.0
humaneval_094,HumanEval/94,deepseek_model,deepseek-chat,deepseek,25,25,0.10204548651399117,0.674960111929728,1.0
humaneval_094,HumanEval/94,gpt5_model,gpt-5-mini,openai,25,25,0.6714554572212426,1.6550174969412605,1.0
humaneval_095,HumanEval/95,claude_model,claude-sonnet-4-6,anthropic,25,25,0.19784208725753288,0.8998299871197137,1.0
humaneval_095,HumanEval/95,deepseek_model,deepseek-chat,deepseek,25,25,0.6519942506377093,1.6621822757014928,1.0
humaneval_095,HumanEval/95,gpt5_model,gpt-5-mini,openai,25,25,0.5372277461138021,1.495104342920591,1.0
humaneval_096,HumanEval/96,claude_model,claude-sonnet-4-6,anthropic,25,25,0.5249425578080039,1.5704084950730886,1.0
humaneval_096,HumanEval/96,deepseek_model,deepseek-chat,deepseek,25,25,0.6377466088783554,1.7457194562538323,1.0
humaneval_096,HumanEval/96,gpt5_model,gpt-5-mini,openai,25,25,0.11906649806599609,0.7092337561088526,1.0
humaneval_097,HumanEval/97,claude_model,claude-sonnet-4-6,anthropic,25,25,0.02546156920741497,0.3495933812239469,1.0
humaneval_097,HumanEval/97,deepseek_model,deepseek-chat,deepseek,25,25,0.07661579900967838,0.6065877890226054,0.4
humaneval_097,HumanEval/97,gpt5_model,gpt-5-mini,openai,25,25,0.09059641146028995,0.6105891870449407,1.0
humaneval_098,HumanEval/98,claude_model,claude-sonnet-4-6,anthropic,25,25,0.2049208934142562,0.9865014189995466,1.0
humaneval_098,HumanEval/98,deepseek_model,deepseek-chat,deepseek,25,25,0.04598635704189726,0.27064991917394654,1.0
humaneval_098,HumanEval/98,gpt5_model,gpt-5-mini,openai,25,25,0.30056246886772786,1.1117704681937903,1.0
humaneval_099,HumanEval/99,claude_model,claude-sonnet-4-6,anthropic,25,25,0.07655734273777257,0.5103012015315226,1.0
humaneval_099,HumanEval/99,deepseek_model,deepseek-chat,deepseek,25,25,0.2035154884612475,0.9511352904540383,1.0
humaneval_099,HumanEval/99,gpt5_model,gpt-5-mini,openai,25,25,0.4169790021499149,1.306748140941151,1.0
humaneval_100,HumanEval/100,claude_model,claude-sonnet-4-6,anthropic,25,25,0.043460488878164456,0.45692846697908707,1.0
humaneval_100,HumanEval/100,deepseek_model,deepseek-chat,deepseek,25,25,0.013148590557054288,0.24372221143537984,1.0
humaneval_100,HumanEval/100,gpt5_model,gpt-5-mini,openai,25,25,0.23221530242094798,0.8939714715732836,1.0
humaneval_101,HumanEval/101,claude_model,claude-sonnet-4-6,anthropic,25,25,0.20033734834375733,0.9490054633447307,0.92
humaneval_101,HumanEval/101,deepseek_model,deepseek-chat,deepseek,25,25,0.0758892453041142,0.4416969665685406,0.44
humaneval_101,HumanEval/101,gpt5_model,gpt-5-mini,openai,25,25,0.10968449855999021,0.4968277293278959,1.0
humaneval_102,HumanEval/102,claude_model,claude-sonnet-4-6,anthropic,25,25,0.13490980726495425,0.6571487025672762,1.0
humaneval_102,HumanEval/102,deepseek_model,deepseek-chat,deepseek,25,25,0.00031892672707523116,0.015650422562786623,1.0
humaneval_102,HumanEval/102,gpt5_model,gpt-5-mini,openai,25,25,0.17261881453992856,0.8834573566038776,1.0
humaneval_103,HumanEval/103,claude_model,claude-sonnet-4-6,anthropic,25,25,0.01737738759955208,0.2358127229785676,1.0
humaneval_103,HumanEval/103,deepseek_model,deepseek-chat,deepseek,25,25,0.04007766067092752,0.38223662142710785,0.64
humaneval_103,HumanEval/103,gpt5_model,gpt-5-mini,openai,25,25,0.11251975397545436,0.6857277639465055,0.16
humaneval_104,HumanEval/104,claude_model,claude-sonnet-4-6,anthropic,25,25,0.716801809056797,1.7503964353746857,1.0
humaneval_104,HumanEval/104,deepseek_model,deepseek-chat,deepseek,25,25,0.13570518952858707,0.8003668811710637,1.0
humaneval_104,HumanEval/104,gpt5_model,gpt-5-mini,openai,25,25,0.35270671961495453,1.1751744023833381,1.0
humaneval_105,HumanEval/105,claude_model,claude-sonnet-4-6,anthropic,25,25,0.04704421505282609,0.4516785644537562,1.0
humaneval_105,HumanEval/105,deepseek_model,deepseek-chat,deepseek,25,25,0.0001242944532206954,0.021538559784623743,1.0
humaneval_105,HumanEval/105,gpt5_model,gpt-5-mini,openai,25,25,0.2736793376923613,1.0324640753305077,1.0
humaneval_106,HumanEval/106,claude_model,claude-sonnet-4-6,anthropic,25,25,0.1191318573728618,0.6667418301298896,0.44
humaneval_106,HumanEval/106,deepseek_model,deepseek-chat,deepseek,25,25,1.0718691505988573,2.026420757302452,0.8
humaneval_106,HumanEval/106,gpt5_model,gpt-5-mini,openai,25,25,0.07126552569947556,0.5440718749907522,0.64
humaneval_107,HumanEval/107,claude_model,claude-sonnet-4-6,anthropic,25,25,0.16829022542266897,0.7339501141496833,1.0
humaneval_107,HumanEval/107,deepseek_model,deepseek-chat,deepseek,25,25,0.34921593016645214,1.3203346028509912,1.0
humaneval_107,HumanEval/107,gpt5_model,gpt-5-mini,openai,25,25,0.0430904471385666,0.3532993546892385,1.0
humaneval_108,HumanEval/108,claude_model,claude-sonnet-4-6,anthropic,25,25,0.05751273894525335,0.5219728654469894,1.0
humaneval_108,HumanEval/108,deepseek_model,deepseek-chat,deepseek,25,25,0.25120197405318745,0.9757333694285454,0.56
humaneval_108,HumanEval/108,gpt5_model,gpt-5-mini,openai,25,25,0.5651320301220552,1.5270925844335113,1.0
humaneval_109,HumanEval/109,claude_model,claude-sonnet-4-6,anthropic,25,25,0.19148732933263096,0.9583556915088883,1.0
humaneval_109,HumanEval/109,deepseek_model,deepseek-chat,deepseek,25,25,0.007114487828875048,0.07391837831402974,1.0
humaneval_109,HumanEval/109,gpt5_model,gpt-5-mini,openai,25,25,0.20336681281048255,0.9129202408895215,1.0
humaneval_110,HumanEval/110,claude_model,claude-sonnet-4-6,anthropic,25,25,0.0162137997118161,0.2789735446538206,1.0
humaneval_110,HumanEval/110,deepseek_model,deepseek-chat,deepseek,25,25,0.030656269248835445,0.3892694833325086,1.0
humaneval_110,HumanEval/110,gpt5_model,gpt-5-mini,openai,25,25,0.024886020880708855,0.24090892249107437,1.0
humaneval_111,HumanEval/111,claude_model,claude-sonnet-4-6,anthropic,25,25,0.057517390741112805,0.4550981092003694,1.0
humaneval_111,HumanEval/111,deepseek_model,deepseek-chat,deepseek,25,25,0.001498523729965093,0.07798112144091023,1.0
humaneval_111,HumanEval/111,gpt5_model,gpt-5-mini,openai,25,20,0.1374914842047066,0.6002577452266591,0.8
humaneval_112,HumanEval/112,claude_model,claude-sonnet-4-6,anthropic,25,25,0.10656531170337935,0.5839521613008285,1.0
humaneval_112,HumanEval/112,deepseek_model,deepseek-chat,deepseek,25,25,0.008285506782306456,0.138533122303548,1.0
humaneval_112,HumanEval/112,gpt5_model,gpt-5-mini,openai,25,25,0.20158846612257153,0.9161450188696766,1.0
humaneval_113,HumanEval/113,claude_model,claude-sonnet-4-6,anthropic,25,25,0.00012043278918657322,0.01963122322722235,1.0
humaneval_113,HumanEval/113,deepseek_model,deepseek-chat,deepseek,25,25,9.860761315262648e-33,2.220446049250313e-16,1.0
humaneval_113,HumanEval/113,gpt5_model,gpt-5-mini,openai,25,25,0.5950300814596213,1.5965591485487636,0.88
humaneval_114,HumanEval/114,claude_model,claude-sonnet-4-6,anthropic,25,25,0.04026087794852766,0.4206277622935183,1.0
humaneval_114,HumanEval/114,deepseek_model,deepseek-chat,deepseek,25,25,0.12831298933779117,0.7493133873854748,1.0
humaneval_114,HumanEval/114,gpt5_model,gpt-5-mini,openai,25,25,0.10285263187508328,0.6641514218190978,1.0
humaneval_115,HumanEval/115,claude_model,claude-sonnet-4-6,anthropic,25,25,0.11766039880034666,0.7519467917694194,1.0
humaneval_115,HumanEval/115,deepseek_model,deepseek-chat,deepseek,25,25,0.10328162461451793,0.5944712104051445,0.76
humaneval_115,HumanEval/115,gpt5_model,gpt-5-mini,openai,25,25,0.1762524641614282,0.8863318193230643,1.0
humaneval_116,HumanEval/116,claude_model,claude-sonnet-4-6,anthropic,25,25,1.479114197289397e-32,2.7194799110210365e-16,1.0
humaneval_116,HumanEval/116,deepseek_model,deepseek-chat,deepseek,25,25,0.32594106038706033,1.0212792924751743,1.0
humaneval_116,HumanEval/116,gpt5_model,gpt-5-mini,openai,25,25,0.6167386185065961,1.6243186875211444,0.76
humaneval_117,HumanEval/117,claude_model,claude-sonnet-4-6,anthropic,25,25,0.09806148065822509,0.5601756314820561,1.0
humaneval_117,HumanEval/117,deepseek_model,deepseek-chat,deepseek,25,25,0.13732522507369702,0.8220707443811773,1.0
humaneval_117,HumanEval/117,gpt5_model,gpt-5-mini,openai,25,25,0.3285277820132838,1.2616361060370642,1.0
humaneval_118,HumanEval/118,claude_model,claude-sonnet-4-6,anthropic,25,25,0.05254621479221314,0.452318593498807,1.0
humaneval_118,HumanEval/118,deepseek_model,deepseek-chat,deepseek,25,25,0.11216516941995994,0.6851448770870485,1.0
humaneval_118,HumanEval/118,gpt5_model,gpt-5-mini,openai,25,25,0.43433867816923677,1.1694456157831319,1.0
humaneval_119,HumanEval/119,claude_model,claude-sonnet-4-6,anthropic,25,25,0.025405941174539044,0.3315881991673813,1.0
humaneval_119,HumanEval/119,deepseek_model,deepseek-chat,deepseek,25,25,0.505841476590083,1.509485764921144,1.0
humaneval_119,HumanEval/119,gpt5_model,gpt-5-mini,openai,25,25,0.3139289823752611,1.0772390827487703,1.0
humaneval_120,HumanEval/120,claude_model,claude-sonnet-4-6,anthropic,25,25,0.16440759010572342,0.8322266466753994,1.0
humaneval_120,HumanEval/120,deepseek_model,deepseek-chat,deepseek,25,25,0.10184826753274098,0.6548547719033608,1.0
humaneval_120,HumanEval/120,gpt5_model,gpt-5-mini,openai,25,25,0.6540278197448017,1.3639518565584574,0.96
humaneval_121,HumanEval/121,claude_model,claude-sonnet-4-6,anthropic,25,25,0.20238637996232378,0.9855683162841653,1.0
humaneval_121,HumanEval/121,deepseek_model,deepseek-chat,deepseek,25,25,0.19785696046796525,0.9502374468510831,1.0
humaneval_121,HumanEval/121,gpt5_model,gpt-5-mini,openai,25,25,0.24482649273390616,0.9506310479304889,1.0
humaneval_122,HumanEval/122,claude_model,claude-sonnet-4-6,anthropic,25,25,0.11637737067536717,0.6414234713567463,1.0
humaneval_122,HumanEval/122,deepseek_model,deepseek-chat,deepseek,25,25,0.10712630975593654,0.6566857024145998,0.88
humaneval_122,HumanEval/122,gpt5_model,gpt-5-mini,openai,25,25,0.24943408262542635,1.0470769834391107,1.0
humaneval_123,HumanEval/123,claude_model,claude-sonnet-4-6,anthropic,25,25,0.029883581524561147,0.3757747015227193,1.0
humaneval_123,HumanEval/123,deepseek_model,deepseek-chat,deepseek,25,25,0.018074889805384672,0.29469320145310973,1.0
humaneval_123,HumanEval/123,gpt5_model,gpt-5-mini,openai,25,25,0.0379692472382359,0.3947805960837246,1.0
humaneval_124,HumanEval/124,claude_model,claude-sonnet-4-6,anthropic,25,25,0.13635837494768493,0.8032476486514328,1.0
humaneval_124,HumanEval/124,deepseek_model,deepseek-chat,deepseek,25,25,0.2157691663208094,0.9009181350894111,1.0
humaneval_124,HumanEval/124,gpt5_model,gpt-5-mini,openai,25,25,0.31841144232732266,1.1936724375024201,1.0
humaneval_125,HumanEval/125,claude_model,claude-sonnet-4-6,anthropic,25,25,0.3871028402324835,1.3631190825147743,1.0
humaneval_125,HumanEval/125,deepseek_model,deepseek-chat,deepseek,25,25,0.21278254339352945,0.9864220990318628,1.0
humaneval_125,HumanEval/125,gpt5_model,gpt-5-mini,openai,25,25,0.15479490274162583,0.8219823563341007,1.0
humaneval_126,HumanEval/126,claude_model,claude-sonnet-4-6,anthropic,25,25,0.27446149911261275,1.0143825192530933,1.0
humaneval_126,HumanEval/126,deepseek_model,deepseek-chat,deepseek,25,25,0.16775422057922204,0.8304787900277327,0.56
humaneval_126,HumanEval/126,gpt5_model,gpt-5-mini,openai,25,25,0.4613623573143865,1.4731666397860836,1.0
humaneval_127,HumanEval/127,claude_model,claude-sonnet-4-6,anthropic,25,25,0.3570664253898147,1.2824399004521114,1.0
humaneval_127,HumanEval/127,deepseek_model,deepseek-chat,deepseek,25,25,0.12793148144267635,0.6680138748975382,0.0
humaneval_127,HumanEval/127,gpt5_model,gpt-5-mini,openai,25,25,0.31639199358204906,1.0684093965709938,0.92
humaneval_128,HumanEval/128,claude_model,claude-sonnet-4-6,anthropic,25,25,0.03480663480560129,0.40478509224886766,1.0
humaneval_128,HumanEval/128,deepseek_model,deepseek-chat,deepseek,25,25,0.039474294200944574,0.4197180011733461,1.0
humaneval_128,HumanEval/128,gpt5_model,gpt-5-mini,openai,25,25,0.09816540243090544,0.6417544802692556,1.0
humaneval_129,HumanEval/129,claude_model,claude-sonnet-4-6,anthropic,25,25,1.5343444006741342,2.092837905894971,0.96
humaneval_129,HumanEval/129,deepseek_model,deepseek-chat,deepseek,25,25,0.7492336132016215,1.8196558788682002,0.72
humaneval_129,HumanEval/129,gpt5_model,gpt-5-mini,openai,25,25,1.9433394564183781,2.6380251942067314,0.96
humaneval_130,HumanEval/130,claude_model,claude-sonnet-4-6,anthropic,25,25,0.04697890846240323,0.45002962301477745,1.0
humaneval_130,HumanEval/130,deepseek_model,deepseek-chat,deepseek,25,25,0.2853325945570354,1.0500181870233214,0.28
humaneval_130,HumanEval/130,gpt5_model,gpt-5-mini,openai,25,25,0.9106031685419695,1.9372667945976998,0.92
humaneval_131,HumanEval/131,claude_model,claude-sonnet-4-6,anthropic,25,25,0.15633055223235892,0.8274607010879234,1.0
humaneval_131,HumanEval/131,deepseek_model,deepseek-chat,deepseek,25,25,0.0006758933955244299,0.037584066304614173,1.0
humaneval_131,HumanEval/131,gpt5_model,gpt-5-mini,openai,25,25,0.2831511222151345,1.1175157577411001,1.0
humaneval_132,HumanEval/132,claude_model,claude-sonnet-4-6,anthropic,25,25,0.34091123830284925,1.1647698071992434,0.76
humaneval_132,HumanEval/132,deepseek_model,deepseek-chat,deepseek,25,25,0.1836920045488674,0.8043890910981313,0.08
humaneval_132,HumanEval/132,gpt5_model,gpt-5-mini,openai,25,25,0.556123266633121,1.492562273324845,0.88
humaneval_133,HumanEval/133,claude_model,claude-sonnet-4-6,anthropic,25,25,0.10089766912424418,0.6378239583999276,1.0
humaneval_133,HumanEval/133,deepseek_model,deepseek-chat,deepseek,25,25,0.103093568679438,0.6810280610997016,1.0
humaneval_133,HumanEval/133,gpt5_model,gpt-5-mini,openai,25,25,0.22409779181504855,1.034033587108934,1.0
humaneval_134,HumanEval/134,claude_model,claude-sonnet-4-6,anthropic,25,25,0.13266138621297124,0.7824964275707615,1.0
humaneval_134,HumanEval/134,deepseek_model,deepseek-chat,deepseek,25,25,0.07427884378159566,0.5265742650094059,1.0
humaneval_134,HumanEval/134,gpt5_model,gpt-5-mini,openai,25,24,0.29690182151553673,1.1452629072768745,0.84
humaneval_135,HumanEval/135,claude_model,claude-sonnet-4-6,anthropic,25,25,0.004130701794353016,0.056323875737231674,1.0
humaneval_135,HumanEval/135,deepseek_model,deepseek-chat,deepseek,25,25,0.00600410088487544,0.09460550309683793,1.0
humaneval_135,HumanEval/135,gpt5_model,gpt-5-mini,openai,25,25,0.09385425846627868,0.6541253665008011,1.0
humaneval_136,HumanEval/136,claude_model,claude-sonnet-4-6,anthropic,25,25,4.342992125559125e-05,0.009577264415886683,1.0
humaneval_136,HumanEval/136,deepseek_model,deepseek-chat,deepseek,25,25,0.2224164201766868,1.0469327192473796,1.0
humaneval_136,HumanEval/136,gpt5_model,gpt-5-mini,openai,25,25,0.3393880449771566,1.1634992631335133,1.0
humaneval_137,HumanEval/137,claude_model,claude-sonnet-4-6,anthropic,25,25,0.013154823888827378,0.214879446178038,1.0
humaneval_137,HumanEval/137,deepseek_model,deepseek-chat,deepseek,25,25,0.019813754666936245,0.28417604239927635,1.0
humaneval_137,HumanEval/137,gpt5_model,gpt-5-mini,openai,25,25,0.47896323427465504,1.4247430704903183,1.0
humaneval_138,HumanEval/138,claude_model,claude-sonnet-4-6,anthropic,25,25,0.28806782653012136,0.941501910920865,1.0
humaneval_138,HumanEval/138,deepseek_model,deepseek-chat,deepseek,25,25,0.7634959970697899,1.6607822257732294,1.0
humaneval_138,HumanEval/138,gpt5_model,gpt-5-mini,openai,25,25,0.4612466634616113,1.397900771388744,1.0
humaneval_139,HumanEval/139,claude_model,claude-sonnet-4-6,anthropic,25,25,0.13029419337303436,0.6615172500899841,1.0
humaneval_139,HumanEval/139,deepseek_model,deepseek-chat,deepseek,25,25,0.033658768263969754,0.3543645673582011,1.0
humaneval_139,HumanEval/139,gpt5_model,gpt-5-mini,openai,25,25,0.13723213998941355,0.6557296341585855,1.0
humaneval_140,HumanEval/140,claude_model,claude-sonnet-4-6,anthropic,25,25,0.31487777973904935,1.1706186814775947,1.0
humaneval_140,HumanEval/140,deepseek_model,deepseek-chat,deepseek,25,25,0.4066306064060042,1.215383832499326,1.0
humaneval_140,HumanEval/140,gpt5_model,gpt-5-mini,openai,25,25,0.7678862898720965,1.9070177534862274,0.68
humaneval_141,HumanEval/141,claude_model,claude-sonnet-4-6,anthropic,25,25,0.06555365329251168,0.5054819198007567,1.0
humaneval_141,HumanEval/141,deepseek_model,deepseek-chat,deepseek,25,25,0.043482983625530505,0.38136285021436267,1.0
humaneval_141,HumanEval/141,gpt5_model,gpt-5-mini,openai,25,25,0.1359635218949237,0.6857424511119564,1.0
humaneval_142,HumanEval/142,claude_model,claude-sonnet-4-6,anthropic,25,25,0.014980727226828371,0.219937945676131,1.0
humaneval_142,HumanEval/142,deepseek_model,deepseek-chat,deepseek,25,25,0.01751722448973018,0.2841115457855887,1.0
humaneval_142,HumanEval/142,gpt5_model,gpt-5-mini,openai,25,25,0.020216660063906926,0.24207614319221574,1.0
humaneval_143,HumanEval/143,claude_model,claude-sonnet-4-6,anthropic,25,25,0.1283952908063985,0.7529303426994879,1.0
humaneval_143,HumanEval/143,deepseek_model,deepseek-chat,deepseek,25,25,0.07709779932354784,0.6083333270116225,1.0
humaneval_143,HumanEval/143,gpt5_model,gpt-5-mini,openai,25,25,0.12781457440509025,0.6508755504057683,1.0
humaneval_144,HumanEval/144,claude_model,claude-sonnet-4-6,anthropic,25,25,0.026089978123624964,0.32774215639659326,1.0
humaneval_144,HumanEval/144,deepseek_model,deepseek-chat,deepseek,25,25,0.02313058770155522,0.33320687412996913,1.0
humaneval_144,HumanEval/144,gpt5_model,gpt-5-mini,openai,25,25,0.6528431709865595,1.704226827366525,1.0
humaneval_145,HumanEval/145,claude_model,claude-sonnet-4-6,anthropic,25,25,0.08101923637043837,0.5766090455928213,1.0
humaneval_145,HumanEval/145,deepseek_model,deepseek-chat,deepseek,25,25,0.05021414943947524,0.49551352292309114,0.0
humaneval_145,HumanEval/145,gpt5_model,gpt-5-mini,openai,25,25,0.20582302777736042,0.879959716954518,0.0
humaneval_146,HumanEval/146,claude_model,claude-sonnet-4-6,anthropic,25,25,0.03944163187630073,0.380700359580368,1.0
humaneval_146,HumanEval/146,deepseek_model,deepseek-chat,deepseek,25,25,0.29834667699920603,1.0223636784426169,0.4
humaneval_146,HumanEval/146,gpt5_model,gpt-5-mini,openai,25,25,1.1186129963826423,2.187904424085117,1.0
humaneval_147,HumanEval/147,claude_model,claude-sonnet-4-6,anthropic,25,25,0.47353898578844955,1.2315710464703375,1.0
humaneval_147,HumanEval/147,deepseek_model,deepseek-chat,deepseek,25,25,0.08946188091213307,0.5339122209351511,1.0
humaneval_147,HumanEval/147,gpt5_model,gpt-5-mini,openai,25,25,0.8442571912224075,1.7621137188642972,0.88
humaneval_148,HumanEval/148,claude_model,claude-sonnet-4-6,anthropic,25,25,0.02258855829448583,0.26926371537100474,1.0
humaneval_148,HumanEval/148,deepseek_model,deepseek-chat,deepseek,25,25,0.0914792382325468,0.6583161926869555,1.0
humaneval_148,HumanEval/148,gpt5_model,gpt-5-mini,openai,25,25,0.04008855939737023,0.3829194520387466,1.0
humaneval_149,HumanEval/149,claude_model,claude-sonnet-4-6,anthropic,25,25,0.00020791553632204372,0.030276913613397037,1.0
humaneval_149,HumanEval/149,deepseek_model,deepseek-chat,deepseek,25,25,3.0814879110195774e-33,1.2412670766236366e-16,1.0
humaneval_149,HumanEval/149,gpt5_model,gpt-5-mini,openai,25,25,0.007596818719808253,0.13657147064357933,1.0
humaneval_150,HumanEval/150,claude_model,claude-sonnet-4-6,anthropic,25,25,0.2570984181350226,0.9069078256020039,1.0
humaneval_150,HumanEval/150,deepseek_model,deepseek-chat,deepseek,25,25,0.07823635164554152,0.5993145712528514,1.0
humaneval_150,HumanEval/150,gpt5_model,gpt-5-mini,openai,25,25,0.22509504121552637,0.9679283785977923,1.0
humaneval_151,HumanEval/151,claude_model,claude-sonnet-4-6,anthropic,25,25,0.8891529651029242,2.050588794664794,1.0
humaneval_151,HumanEval/151,deepseek_model,deepseek-chat,deepseek,25,25,0.1823754464002441,0.9335332006291458,1.0
humaneval_151,HumanEval/151,gpt5_model,gpt-5-mini,openai,25,25,0.4720816387698227,1.4449071216580935,1.0
humaneval_152,HumanEval/152,claude_model,claude-sonnet-4-6,anthropic,25,25,2.465190328815662e-33,1.1102230246251565e-16,1.0
humaneval_152,HumanEval/152,deepseek_model,deepseek-chat,deepseek,25,25,0.11250171393611905,0.6804795261977952,1.0
humaneval_152,HumanEval/152,gpt5_model,gpt-5-mini,openai,25,25,0.18902655534494894,0.8165174698225626,1.0
humaneval_153,HumanEval/153,claude_model,claude-sonnet-4-6,anthropic,25,25,0.5044942458943904,1.5354610507506055,1.0
humaneval_153,HumanEval/153,deepseek_model,deepseek-chat,deepseek,25,25,0.13109188412214037,0.5005880665372964,1.0
humaneval_153,HumanEval/153,gpt5_model,gpt-5-mini,openai,25,25,0.24884634032049516,0.992909838645665,1.0
humaneval_154,HumanEval/154,claude_model,claude-sonnet-4-6,anthropic,25,25,0.2649289128864143,0.9540470082924465,1.0
humaneval_154,HumanEval/154,deepseek_model,deepseek-chat,deepseek,25,25,0.06425908856982311,0.5411798904199777,0.64
humaneval_154,HumanEval/154,gpt5_model,gpt-5-mini,openai,25,25,0.147475107204384,0.6504907038508294,1.0
humaneval_155,HumanEval/155,claude_model,claude-sonnet-4-6,anthropic,25,25,0.24952239928590778,1.1092820053914805,1.0
humaneval_155,HumanEval/155,deepseek_model,deepseek-chat,deepseek,25,25,0.03522880567315659,0.4071104716914691,1.0
humaneval_155,HumanEval/155,gpt5_model,gpt-5-mini,openai,25,25,0.33727816683221673,1.0342970177197603,1.0
humaneval_156,HumanEval/156,claude_model,claude-sonnet-4-6,anthropic,25,25,0.011520476464657616,0.19195235666702182,1.0
humaneval_156,HumanEval/156,deepseek_model,deepseek-chat,deepseek,25,25,0.044464935612503934,0.3773392718741854,1.0
humaneval_156,HumanEval/156,gpt5_model,gpt-5-mini,openai,25,25,0.07875577946610197,0.5624408566644805,1.0
humaneval_157,HumanEval/157,claude_model,claude-sonnet-4-6,anthropic,25,25,0.25470249571924775,0.9213591685827377,1.0
humaneval_157,HumanEval/157,deepseek_model,deepseek-chat,deepseek,25,25,0.02231234879325277,0.20782279104205992,1.0
humaneval_157,HumanEval/157,gpt5_model,gpt-5-mini,openai,25,25,0.06928052985103714,0.5025330419406293,1.0
humaneval_158,HumanEval/158,claude_model,claude-sonnet-4-6,anthropic,25,25,0.37721682307120113,1.208013017836854,1.0
humaneval_158,HumanEval/158,deepseek_model,deepseek-chat,deepseek,25,25,0.6221464986465112,1.7238907117186024,1.0
humaneval_158,HumanEval/158,gpt5_model,gpt-5-mini,openai,25,25,0.16023038554137145,0.7822720255668568,1.0
humaneval_159,HumanEval/159,claude_model,claude-sonnet-4-6,anthropic,25,25,0.07276171656041872,0.4825323750727405,1.0
humaneval_159,HumanEval/159,deepseek_model,deepseek-chat,deepseek,25,25,0.04210566034594938,0.2053486667656571,1.0
humaneval_159,HumanEval/159,gpt5_model,gpt-5-mini,openai,25,25,0.19187288401979863,0.8157508777525684,1.0
humaneval_160,HumanEval/160,claude_model,claude-sonnet-4-6,anthropic,25,25,0.04644817860590249,0.39448615755591926,1.0
humaneval_160,HumanEval/160,deepseek_model,deepseek-chat,deepseek,25,25,0.016340703687917717,0.14235971801326433,0.0
humaneval_160,HumanEval/160,gpt5_model,gpt-5-mini,openai,25,25,1.8186643891790972,2.8634662668779685,0.72
humaneval_161,HumanEval/161,claude_model,claude-sonnet-4-6,anthropic,25,25,0.05901044806875191,0.5201940433286579,1.0
humaneval_161,HumanEval/161,deepseek_model,deepseek-chat,deepseek,25,25,0.05795592628672856,0.5208430770452057,1.0
humaneval_161,HumanEval/161,gpt5_model,gpt-5-mini,openai,25,25,0.2959469916499693,1.1535883698817333,1.0
humaneval_162,HumanEval/162,claude_model,claude-sonnet-4-6,anthropic,25,25,0.019197300928694334,0.22239123909642913,1.0
humaneval_162,HumanEval/162,deepseek_model,deepseek-chat,deepseek,25,25,0.015572596912289568,0.23099912801913092,1.0
humaneval_162,HumanEval/162,gpt5_model,gpt-5-mini,openai,25,25,0.12301437213130337,0.7565093561943412,1.0
humaneval_163,HumanEval/163,claude_model,claude-sonnet-4-6,anthropic,25,25,0.08727557602611015,0.6163922001585523,1.0
humaneval_163,HumanEval/163,deepseek_model,deepseek-chat,deepseek,25,25,0.07858932123331465,0.5628033670562214,0.0
humaneval_163,HumanEval/163,gpt5_model,gpt-5-mini,openai,25,25,0.17339083418191323,0.8015741190748712,0.88
